{"version":37,"hash":{"type":"Buffer","data":"LIQdjeFLRs4WuGMzTwe5G3IsoyhpHJs/WjbW7vEJGHFtcFYMrwBXXaWFas8+iRkbW3ijup41h1jDbVLM1GeSSgbXmsQP95zUB9DEVm0OsVkt8v4MZQaVtEslPgl+4RO9PHKqXC4elMSDQxiTy0kbOFY3TSVLvhF1pSHB26tBIUc="},"indexValueMap":{"ENxypfsLqmA7g/8Mf3UHtkFjc/ZZAwL9uf5NrX8h3xM=":{"valueMac":{"type":"Buffer","data":"Z+5duB/aemmtMGfEw3Qd+UpIBTSOkpavqUv+dcIKIsY="}},"G4Epw7bmBgNHhwjhidXXX3I0jNxuEE5yZwPejA/byzQ=":{"valueMac":{"type":"Buffer","data":"xKSoyuNfCvtDrvU2esIjkBt+9MbMerk7KNdyG1o9hzw="}},"I1FZMlFPKuZdFMXqYp+MIU+yiyaL2IVAtu/cnfPabi4=":{"valueMac":{"type":"Buffer","data":"Qybyn5SIPDi5zLb8QfZMN+bLLZTYvM9zSe2fJoDX5nc="}},"KZHDDqKX1+j/v9AHFC8ggbGiI4f5Bbh0CGdrfbAfIHY=":{"valueMac":{"type":"Buffer","data":"uHBavw5f/PTL7lJk8XfKH0Wuz4sBMk3Ty++ntKryCQA="}},"LfpXJ9yRw4e01/pGTS/9kxkCS6RGTlL2jgeLx/JtQ/8=":{"valueMac":{"type":"Buffer","data":"yRiStVtjIeJa/1q041VO7X2XcDej6XTauevE9t2ZDd0="}},"NgwRphS83cyB1xEgGiwpRnXD1hB0ztJtc381DSmFSGQ=":{"valueMac":{"type":"Buffer","data":"/jcCuZ+nW5cZQtYTRQ2tYZDAG8WlontuwLk2RCPEDBg="}},"OwPD6Q1hu75BbqX2cpVgeh1Vvu8FTroWqzQ+NDztvQE=":{"valueMac":{"type":"Buffer","data":"/iv+MYNEhHibgCfVM0QJe2y+/MhJZCqsEhJeIffo3GQ="}},"RmoxQtltNqoGwos8YFhneM0saY0gQtPFGjrK+T04cKw=":{"valueMac":{"type":"Buffer","data":"GB5e9IkCakVhtVUDx/Jz+QSTYg2wvd/GX6tlRBCrMuA="}},"SEz1728D1zqjhLZTFOzBtLECsmOOWdpBEHQcorCkSAc=":{"valueMac":{"type":"Buffer","data":"jjtAnwWWVknExL9TG3D8jdV+hAm0UeAYqvA29ixGHMM="}},"TmFOgybmOPJGuKcvOxAR9TTzmVHRqrHZdbBA0bSz9cM=":{"valueMac":{"type":"Buffer","data":"udhulKaSXaLnGjmZ3dnr0tC+1CWkcCo2w+BiOXchHQ0="}},"WjgyuhYeyfCct9Ot0emaOVpkfnAAf3q1AVTD35lvdbk=":{"valueMac":{"type":"Buffer","data":"qqKW7mpxQV1FvEZ0heZeRamynbCpSLGkoqhujz1hwGo="}},"ZXW//OWjqsadWDSFHULxrOGwKaXySy2xdvkn4SROUfE=":{"valueMac":{"type":"Buffer","data":"PSTsOx/2ei2wTu34DQxqKPo6eZzvk5v19QZ74S6pwSY="}},"Z1LHzJI8xG4b4Hzqu9nACBwOVX3dZSmoguY+vTRfiGc=":{"valueMac":{"type":"Buffer","data":"JlBNEUkhP5tRYBU6uDmeskdO9PDiDxJwn1zZyRcT2mQ="}},"bs9yQX+1IZ3EzB3E9hGQfFqCTgGZhjLcViebtnC85DY=":{"valueMac":{"type":"Buffer","data":"GnhA8Js/u9QXW3zSk4LqqoYYgmBOGfjGChE0Bt+l2fQ="}},"caq/r//Ehz9LNS1HKH77gZhboZDSSSA5KLkCTAbxG/Y=":{"valueMac":{"type":"Buffer","data":"Jx9Q/RSSFwaND6nZjaECl5djXBqtLaX2L8OLJh6tO/4="}},"c7l84yKIP0lFk5P8KR6oNjEX5ktKZk3H2LNebCAdgi0=":{"valueMac":{"type":"Buffer","data":"VThJ8lL3WIQVdj92tzh8jTogbjWprj5ivrq3dqJ+Ehg="}},"d7w9iSNtYNj7xfeX8y38AwFWlg+cJ3pFsbT9HfakTL0=":{"valueMac":{"type":"Buffer","data":"AwiImk3XkNYXtCGdhheDZ8G06LxEcHEGZ50oT7Ls+xs="}},"elRyMEbBHLS9hbBJJaCKuiR6HYqp+AaoP3cMdijxp+U=":{"valueMac":{"type":"Buffer","data":"2ckcRABor2FL3PVhWzZkG/MXC+Qb9aRVMgtmWJIUfQk="}},"fdkqAQqFarl1mCz08Mql9c4Kypb83ZadcKEDOD4/85w=":{"valueMac":{"type":"Buffer","data":"L++x4dnPNA2ZUlsch5bMrnyaopUpt/+pwRQ5b0kgrMU="}},"gSJ6832PvplgQ3vNfc9gnogE3ItAFdGf8Ry0jK/thEY=":{"valueMac":{"type":"Buffer","data":"R3LoHcEkvYYpmetKvm38PBXacDYcRFzYkFD1MzN3eTU="}},"hMyNxgSmxSsqBsjKy8G8pP3og3PnKNlPkKooR3N5sFw=":{"valueMac":{"type":"Buffer","data":"4rMJg5RKkEvsZm9STm5DN6QZJ7oilzYNk4MjNJ0jMJE="}},"lUiLstV4dHMkerokLQqsjkNh6O2w1eVcQPycTRAN888=":{"valueMac":{"type":"Buffer","data":"BJq6bHss8tsEjHiEHYlv0iA7kmlXcHNEkmkazCtHszQ="}},"nrB6VDOopWfmf5vWd4v3f6zgBDinbMO9XeIQJeJzLf4=":{"valueMac":{"type":"Buffer","data":"8AbafRjyGvvSFsGlEgE0SpnrLnz546qR2usK7IQeRsQ="}},"od8lJcYTwHiyc8aiVb6H/2HsnjB+GE4B6ATI2G2Im7g=":{"valueMac":{"type":"Buffer","data":"AUx3xPZry8DHrvIgXa3DJNFKmAKY6/N+hWOy5pi16yE="}},"pomKqaIsbGhCvq/4mNssIwJu+bni8tfpxtsv7GeLD2Y=":{"valueMac":{"type":"Buffer","data":"1A5H0qDvO3qRn6gSi8B8onYsUtD7aW5UCaR7feArmTg="}},"tDuD4juLkOiCbAIPM3UQUeC6IiFuDt0JpGEEu6O0ENM=":{"valueMac":{"type":"Buffer","data":"DV2Jp/tTL+s8GEbtlLq7FIcppchU4Dm9Ob2ve4f3Brs="}},"wgn5rJ8yxIf3ufgUvzbGuaYbkz7padOMJzJ2mChOlyc=":{"valueMac":{"type":"Buffer","data":"zPYQLyHtk6puOdo/59hcNREKmsnTi0uYdN3YlOfy3zM="}},"w5oFn6oLWsMmO0ZZ9fooQvFm4gvVCxfZpOqpjQCIsOc=":{"valueMac":{"type":"Buffer","data":"uzP3NpxQr3xHpub4biKlHho7C1ug0bAhIATCOG25PZ8="}},"z42KVB4cCgds4KBAmNLUA5v3yV+lpFchKELSlPNh++8=":{"valueMac":{"type":"Buffer","data":"9Zvt4Ewp5l2GsYikp/denQLf2V6NKciIjie2Myi3dS0="}},"0Ds+GkKXVKNhBIGxXRTJl1FjZ9lRlegRICSgNcASHxo=":{"valueMac":{"type":"Buffer","data":"pOu8WRnCPpjla9bnTD0/rQmlz6Z2K2I3k5zeWideBwo="}},"1zWMgZr/uS2dxf6mXYJQ314zhSkt8aNVNkvQZKvfJpY=":{"valueMac":{"type":"Buffer","data":"p7apWsSfPL3A6EHFxTFuchzv/o7vO3xlYeyultgjhAw="}},"2ymBef3sCuzhg4J8WXOmk/C6gDySJwzJmTBgS5w4J1w=":{"valueMac":{"type":"Buffer","data":"GtF0Ze3oPHX7lglj20bgLPuVn+fWa8SDQ41iMcgZ23Y="}},"3QLGouwQs/eRmzrB/rrr+MU/yprNsBeyr114Bs99TLQ=":{"valueMac":{"type":"Buffer","data":"/MmOr1lFeduN3H0FiIk+EimIs2EV1wp6v+Ieb7I5280="}},"58ePlHfbON9fbht7aB+KjXCGI3xj7toY2nikX/VnYlU=":{"valueMac":{"type":"Buffer","data":"UsxvGUE0q+2Tv2nw9OLBiMuvtHAbaFK7Q+r7ZXeck8s="}},"6Ncj9jJgvJzuFfe3YmcmeZmKJu62Clo1fH0ZcETuRho=":{"valueMac":{"type":"Buffer","data":"rCj398TNwByYmdAON7ltGByF+wUQUD8dfEt9p4y5vos="}},"68fhoSjx2hNlKCfxMRDK5HMz2AP4ldcDEaWcBTBI94w=":{"valueMac":{"type":"Buffer","data":"jAn4kTOhNaudmY+e1++uZ8BGMrkjQgQpYuzydMPSExQ="}},"/RsP8gRNHmF8I5p+DYTURSgc5yfkDv7PQFb+Jvg6Kk0=":{"valueMac":{"type":"Buffer","data":"h37rf4Zyugx5CKdRvdsZLkJoM8u25+ofAQhBnQLzUNk="}},"a4+VNQWYUcIKOTwl7txVjCg4hfp+ynAskZ3KlvfnUbI=":{"valueMac":{"type":"Buffer","data":"H5TZkTOgJZWWjaqraeqoiedh6x1BQ1tFu1NOwYIdrNQ="}},"1fOyFUBDTZSJTfE9+wydXxPH+DbmjyPDRb9Fd3Irzlg=":{"valueMac":{"type":"Buffer","data":"g3ce00pHeJ6aRIlFWp0Dw+MOzXTRSM5u7N9vwL2j8CU="}},"BtVBwfLgCnqxzbtTd/gY131rzRKKSrctZTQ22w60rtg=":{"valueMac":{"type":"Buffer","data":"18tweoVoB0l9i5yjyfAQY/4zPbJYKRS1Ah7595g237A="}},"oOtT8eaJ/vWBUl/e47TTGw4VDdh7jn5YC6ByzBFWLsA=":{"valueMac":{"type":"Buffer","data":"uFTL2QzjpGe5qX1aPu8S7Tkg5SI24+2lYZ2couQIpF4="}},"pQvLA5Za51lD+7YZRHiyL2lhyHZPcDnH6tnq4oS9g5M=":{"valueMac":{"type":"Buffer","data":"hsrzFAXgCnoRUBpFeZpd2Bhp5EbVDyhQbMK+L91OV+U="}},"Eoj22U2DWAzxPYsCNQMdiAAm9YRYah5w4zN9b0UDliA=":{"valueMac":{"type":"Buffer","data":"MGXbEQvV2ooPPkq8Dj/rtsLdWKwKnbzaRp978e+oB7M="}}}}