{"version":28,"hash":{"type":"Buffer","data":"wBHBqVAuxvXiMZo4cqmJpogWErftdBd+uDtkJCQ6VtZfFcfwAw+eor/3vYOkJ52w2Vygl/CHleXjdwxLKoL+P8iMkvGI9/goxa0nqTzsh8N7IbAwlHoMlSI2di3K1S1Fkuhlcrwh3B5U0JjYu9BbBFjJ3o6SSN8Hcu+uwB6GCmc="},"indexValueMap":{"AxdPg7HdyacH54ZaNFvw+G/SQOiD7IS34mcyk81jR3k=":{"valueMac":{"type":"Buffer","data":"ksQjQ6X67jV8VKbtYPntqko0xfmW4V7bH0IZu0hu32A="}},"A7uWtky63YbIaOLG2JHTf7G6qSbfApb7kLSXcyjwkLU=":{"valueMac":{"type":"Buffer","data":"GbG3jwsDFIxYqvL9IEBce6PSxtbTEb9qPg32dShRyPs="}},"Bc+yf3H8PuPG0RSy7h47w/KwQzalzuhNGfNt6nSet0Q=":{"valueMac":{"type":"Buffer","data":"Fg+WMLOmu18IXxtH3KOBiJZkAB2YEhAtQLJMvJCnIwg="}},"Bp2P9hJ7u8WlcfmLb2mCeg5X1vjMMhWuHeUfw2vlWAc=":{"valueMac":{"type":"Buffer","data":"VBmAy50d0PjCAstwFHHaCSArx5EGJ8CWIW4eFzM/85U="}},"D8RGkZf3/WdyMm086QLchcCAut8ESkAFW8ScPttYd+c=":{"valueMac":{"type":"Buffer","data":"33uuAXqq++nELne3LxMxFiZylXfw5uD4IxMDOpHyt38="}},"I57P9fzu2RMnSV73VLXKSiTWMvgnD3+uY7UaMAWm3+A=":{"valueMac":{"type":"Buffer","data":"7NqP1E6yyye1TE19o6SMSHXvICl//aFCQAPMV/DP570="}},"KOeCaIHgrvZcIwLvIUxJQ92i4sv7i4aA7DdQN0IHUsM=":{"valueMac":{"type":"Buffer","data":"6tyX2KnnUyn3uNCKyewKQ6PWxUQbJ+GTBoEJbf/qeRg="}},"KdHkpKteqjP5QhHwLLbRRKR4G+CcNS5fN0GZDSPJEMk=":{"valueMac":{"type":"Buffer","data":"Be2zefZTGEVuFw1d7HSehcwFU+dna/lJMYXsFQzLPNA="}},"MVKS0+G1tIgf1pSg1vIH8OoiWxbDbVWzOTKhXrzPMrc=":{"valueMac":{"type":"Buffer","data":"GnNPNuED3JJUEibdF0ffENSA0xernREXXdywDTUe/RM="}},"MhyjRAbBhIm5GEaC1Ug1WtM8Sd8WN0j+xrX29hYVvRI=":{"valueMac":{"type":"Buffer","data":"IuzlDrfIPEFh2+qqJoz8QPhKpMrUfBuwWeeZ2R3LsOc="}},"UtOedCMDtTQ8k39kcWSLUWiZqXZu6094Rjf4N88/Ov8=":{"valueMac":{"type":"Buffer","data":"J+tOzIT+DVMBWnYg/AqUSUicnT+/z8KZhvAfMGbrzWo="}},"WBrWqcnGlzEhld7+r5aRM73NlNjVPrIBhSogv+g3xLg=":{"valueMac":{"type":"Buffer","data":"4we6UZp7onEUn0kfm2mTx/CgP/KFglHcTe46NzffqVM="}},"W+ILBVe6gSBpmwDea76+Fd+F5UL9HXYSAuSBWHw+3dI=":{"valueMac":{"type":"Buffer","data":"jaymQeBM7DisOxz0IdlWmEY5c40kAs+GSmC5FO3o9bo="}},"Xlo247Qmq80Dbw39fsXOibqBtmvQRRFzvmER7hv8XL4=":{"valueMac":{"type":"Buffer","data":"ub25n4/8wIJoKPKRLPcfsL7ayyosLnCRlxKaf7XZLnE="}},"bNfvOG9b2RaIEJztuJSX0aUbZ1xabwwvJRy92yFjqe8=":{"valueMac":{"type":"Buffer","data":"4AaS6aHW+oeI8Y6mOODrLrb4FtzJ9jleHv+7eeNJMWk="}},"b08fMXC3+dSx/nfVWVw2MybtvLzEiXvrwjC3uZurlwA=":{"valueMac":{"type":"Buffer","data":"Fx+b/piUNdwqSmLviYUe6i+1nSwdMjnji41F4hK9ys0="}},"cFOycCUKtoVjEjN6nNAqBmbZ8mKl9IQwTmCBOwccUVw=":{"valueMac":{"type":"Buffer","data":"ciOmje367JAkfdSwq0Qnur269UhEqe0bdhq0UcVhj9c="}},"eNqH+qMTAp6Q9aGhNRpfrf0/oCISWvlSNSf/TZnYvN4=":{"valueMac":{"type":"Buffer","data":"3nZ/aA3sglSpUMwImcE/lmp9JNLNNwlR/uZaXtcexgI="}},"fApVhRCZjUdfEhKLJj4Jpq8ELuko/gkkhIuiDQbux7g=":{"valueMac":{"type":"Buffer","data":"XXkTGe8C/uOFQT6r0ToUIWIW9qagqc8aug83ZW8M9ZI="}},"iyf5vPw66bYjKUiutUGq7nejq5dWqZWLgQFq/ZpzJg8=":{"valueMac":{"type":"Buffer","data":"roFPkICzhp8qF1PTuWHHaKUQiURUBsyPO1YhpRgXJmw="}},"kViS4ejVVV38qJp6gyAiVF0lkt9HCdkhEzDAhWsX21E=":{"valueMac":{"type":"Buffer","data":"9RzY+n8GDY6fBAI/OhhW9tHyyY+doOJZxW2wQu4G5qY="}},"lKTclAWVqniwpNMn+0yk4EEwbom5sVbt1FpDApvUla8=":{"valueMac":{"type":"Buffer","data":"zFzZI48zsY3GLs/oL+o+pKpaS1aOEHGKwfG/bXYBZiM="}},"vcge5xq84GWYomO11i6Wr8/nmuyKeF+riVubtge4nUw=":{"valueMac":{"type":"Buffer","data":"b4lAZq/BsneFWJlNUwbuON8wbuIJko+JJwSwrSApNcE="}},"vjwxHNZhUDVuvhWfb0xOI4fr5CltXdZFvOhIqDEmivc=":{"valueMac":{"type":"Buffer","data":"ElRsCPBHbGdBo3BgAitCuA7B+ACL1CiRnIFZ7xNh8dQ="}},"y/TrYLJ88XMx+YzBv8jNB4Rr9tIlKjZ9o92zSeJkIMo=":{"valueMac":{"type":"Buffer","data":"Mxsb6nvhhK7oqIVagcY37IJSXUGxYF83C/CY5LGuDRQ="}},"zVV4YRxWzwOWL5VlZYC0RQ2SE8JgI1urKddQfLxe+4c=":{"valueMac":{"type":"Buffer","data":"mQp/sAjFM9KhZYaI4iPSLy0JlIW7KfebZDEStsnsdo8="}},"1T17FrlLjYsAaZcPqN4BlFqVXzExjFsIGtgv+PzTaAU=":{"valueMac":{"type":"Buffer","data":"aBZ/sbUdsyBvew/3pfdKnUIz94pfkCXJHV04UnIXrjY="}},"1W+94afb0rRaFmGe2vfyQHs1l5v+M6I56h2ow2fv880=":{"valueMac":{"type":"Buffer","data":"7HUcRLQuO5YVWCBpJsgAGIiyjWKhxqbj0bTtkw1ztbI="}},"2fWNVX2tgeRmwKsrAB3D4ruudjuG7BvvRQj2Y4OCa/M=":{"valueMac":{"type":"Buffer","data":"o5oz+HYR0RRqCrdHEsJmbuq4ypp+ZPMHVdr7NvGM3o0="}},"5GLpE3J8bb+t5TxeZrFD9qMpf17t3uKFR1R9rslyZQM=":{"valueMac":{"type":"Buffer","data":"vSiGSWCvI7+bgTjdMLLd69lkFmLYakHT2LK/DvExKZU="}},"8IPKlQm+8Z0xtX03FM0lRgr5kqLbrLjeXwp8juhx0/8=":{"valueMac":{"type":"Buffer","data":"4YkJlQZRY7JB6uc9x+qvXrpgoCZq6yXfM1GaYC4K/tQ="}},"8cLR+CCWNDYEY2VXTSr9NJ2BksIED4IfnTguDFy2CnU=":{"valueMac":{"type":"Buffer","data":"KwgH+4GWOxAhxTyDQs8cC4UT+/P0VG+I7cI3wl+XZXU="}},"+ARZ/ynls6+UGxgM+4Xxsqe29pvM8R6yJV0GKdSxYEk=":{"valueMac":{"type":"Buffer","data":"tpdbitrNlEVfEb+H3eS0FKC7fvx3RacpWxbj1hZbC5A="}},"+/c+HqG30oB9q1n8B0B8R7IM14YLX59oKJYRyDKwjag=":{"valueMac":{"type":"Buffer","data":"e8uHMuIV1wloxWEKmd1PZqG+BNh6eJfvYvgCWutnCXg="}},"SMOn9GA5kiAhXqbJsYXZIk1es+4KVZUnvjBkyeAh0b0=":{"valueMac":{"type":"Buffer","data":"lYlUtesTG5DfNYC1fgeuzuWzWB1tFmNx4lsJYsFjuB0="}},"xykB1jkJIyRbVTHc/zzj+6cQN09eZiz57GNsekdqBTs=":{"valueMac":{"type":"Buffer","data":"YoRhgP9dr/GoFJov16ZwAvwreOhKQl2zyGmBNbhAI+U="}}}}