{"version":295,"hash":{"type":"Buffer","data":"3/Bb9zRwxotjQ0e91zbp76qIR493zNgD+4hg/saceaVn/pPg/nRnp/vvNt1WUu32RtesNk8GGTlOZO2vtgPFy7Vh4vv3oBvMS40/K36qBcZTF+sWkOk1rJlfhYlSDfW9KAcSMHTN9B+q7FX7KDwmYIzGnGjzv2SU4tvS0Hi2I8M="},"indexValueMap":{"Bg5gmVpT4vBCZCWf+K8GTEEmTwsulBhsIx4kQZSDjig=":{"valueMac":{"type":"Buffer","data":"8C3+MZV6orWsTs9KzHyEi4yxXeqFK1IUVTR/PNbCL5o="}},"BqOw0uRqQNHgL61knwO07UOw/n1l7HU1BlG+J5RwXEo=":{"valueMac":{"type":"Buffer","data":"e/BVPJUInIkFeTH+fsz1YZsDa5V7FnljEic9AlQ7Fs4="}},"Bu0HcDkanHq+p5ci7fdYePvxdwKqm0UNy3MYA1u9254=":{"valueMac":{"type":"Buffer","data":"hA9y/OHt8lZaEUOzgKp5NPPoSawUW/yCdkSYMlc5GfQ="}},"B5aKBizMmyQ7xU4PSAN9UytnaTBGa9epf5XGdloA3vI=":{"valueMac":{"type":"Buffer","data":"Rdz27+HGeCq+//HMSJR5HdQZRqSl5f1K/FivZnNFvQU="}},"CHRQsbveycyqwK5OJ9/wDbfb1+R6sHt4fzFfgCakk4I=":{"valueMac":{"type":"Buffer","data":"giT/8aCJAwqNlSTq8PY43+YB+QwMBIGh5hcy1BO9bPo="}},"Cbb2gPwoaD57BjyzZAVU8UWHEEqCWbf/0nmrutkpJwM=":{"valueMac":{"type":"Buffer","data":"qGSEvunusZzDwL51h9+5P0eDHkBtKHmAgglXrcDxqYE="}},"DCb262IPgFkVx8uHrJhHJKXZn0YLddtmjPRlNq1wT3g=":{"valueMac":{"type":"Buffer","data":"jgHkJl57IVZxv8mHx4RJW/IZA2lMWR9ZPPqyjzEG8uo="}},"DXTPkkY41qGZE786GORDThPJNkJGJSV9jgrCTgvjxsE=":{"valueMac":{"type":"Buffer","data":"j4KLwiZhiYpo9i3CahGBB4wwInLRhSHrIin2XsVYQJQ="}},"DlgCkj04CpcqBjEEjSagZzw6FK2Vfp5U5Q1dEJNmaM8=":{"valueMac":{"type":"Buffer","data":"9Xglvu1XFoR2dyQFweZqei1lBlh49TYwBbc3GkPJFa4="}},"EN7nIZ873uNw5k4UX58oNT7JH4jPEABkqVKbyRFCz0o=":{"valueMac":{"type":"Buffer","data":"hK4YNoB4YXoeJW+tpszyZiKgwlN8gDXogueeClVYUyw="}},"Ek2tJkCImBbQ1seFxx+mmInkVO3GF8dNEdAmjkwMSwQ=":{"valueMac":{"type":"Buffer","data":"8xP4I+k7PFi9CmT9LwzY10bNk1zEv55r0QjcoFfGW9s="}},"EutMRllHlHyR2wqnMo3RtaMWuOZ+ymtnGqEcliB8VvM=":{"valueMac":{"type":"Buffer","data":"5jKmdwo4frSgrlh39SiXf/tAq5sG0Asz/T/gewuUu7g="}},"E1tFwIB4YLjOyX53yYD+m9dpPMB+KNJ3Aick6o3A9rQ=":{"valueMac":{"type":"Buffer","data":"NFesI35Hpb6BQdUQ5qd0tL0FlDPSJZgl7mUL5qDK4xE="}},"FXKn/5zR2N/BtwCFE9Irc6LhZwJWnMkL1zDzIa1Hdrk=":{"valueMac":{"type":"Buffer","data":"sS3f54XCjNNWt/BdMZTQKW0wbMpKf5ctVtdb6r7ZrZ8="}},"FpalCzhcelUoFfZ2wKacnJIVdZMfwE4GqcxxuBmqKJw=":{"valueMac":{"type":"Buffer","data":"2EIBm3XVnsTPx/SMDvhNH/kjzWbaeOkFUy7a7gxPk3o="}},"Fy06WShxlnOgoz3sij+IvG3NAffmadxgvo7ZIkYWsDE=":{"valueMac":{"type":"Buffer","data":"YLxsqi1sva8sDTKcu2l10l+MR7fgyU1CNULbF/Ny75M="}},"F/B3qH3G6fg6NWMVfIsvrvh4tWNRDxpO/9+oEPgcFUg=":{"valueMac":{"type":"Buffer","data":"/6Ch2bma6ghUx4gseeS9ZbH3WxVaD+WffOartkA8f9Y="}},"HjfhissXRXAqw/6rzir902eB28k9QVEBdfI/cwzBjV8=":{"valueMac":{"type":"Buffer","data":"dSVrGC9VC/om0TKnHLzU7NH/6xdhoZ14Ldz2NQSlfZ8="}},"IesaSRHElKOemsOkbH9mdqMhBccobYvaNUS1CeTAuDA=":{"valueMac":{"type":"Buffer","data":"4WvHTj6hy11L427eA+3x+rYsXXb6kEmmjkpe2O4ed/E="}},"I5np+NJv/ZfdiYDvNXjAAtzTnGiBzwLdaWPgKz6LbSw=":{"valueMac":{"type":"Buffer","data":"2KF9L5xn5svhrxDjOvZjaUQDEC4GYdkPTNftwLYsUu8="}},"I9nfB059FfjhcM/YxXuqJf84WkNsGHocDyu0z0GYt9s=":{"valueMac":{"type":"Buffer","data":"HtKHYF3Yjp7cnjh1ALizJIMnLpGCpaVgo59lARJ09ro="}},"JUu1O8XLxHx2Iy+XywfKjApvYyF5rlGEvInVc2CbZcA=":{"valueMac":{"type":"Buffer","data":"oXDlzmjLM3odLRIIuSPszNIhVae+8eI/tlGV9r7jSCI="}},"Jtg2YpVArdpj1pocUsNY4J7gDa3/NdRW9Mvof/80MCc=":{"valueMac":{"type":"Buffer","data":"PDyqH74OPwSrLXH42T5eoNSwLkZ0MR9zMNYzmJHbamM="}},"J43MyLwO60auc3xljQ1wrWXG5QKRmwK/7w7k9ONT0uU=":{"valueMac":{"type":"Buffer","data":"SHc1l/5ygZUqNobUGOm1bdF3inwEwaFofYekcn8xRVk="}},"J89TlKx7EURzbFLfwlVu94dHukAAnT26F7ba5H/jTQ4=":{"valueMac":{"type":"Buffer","data":"rdklSo8n8yn+Z/9p5QM7uepzrz9TxoQQb1ziX0VO6cU="}},"KGFAbg5IYITh3qyLnenDEnGFbwIdPkNNIbgzegi1TH0=":{"valueMac":{"type":"Buffer","data":"TmPK3gObKFEzN+HKYlZG7PrrxGZMvBxfmNhqejUVXKA="}},"KNUpxBaydbLGxt+lVuA/qJtkkWr/4LiZLu8nY29Rtwk=":{"valueMac":{"type":"Buffer","data":"QVTA6lO7m0M9az5Ss0XTBghWmmZGHEeEh7nfuSeZ1wE="}},"KOPfNHPT/f07Xe+RtVTowcVgxbTw4xeE3/qx3J7qnxc=":{"valueMac":{"type":"Buffer","data":"jBo4inV7KkKU33n0NE8QpXPVruwhoqdp20vYL30mUMQ="}},"KT4NluO0DU2rntAxn4ifEVCzYcUk4GvEXVZT+pETqbU=":{"valueMac":{"type":"Buffer","data":"jsnrfviD8DvV59NvKp0UxbI6SOJJThEDsJloB7D0N74="}},"KYbtyfte1mbNOqRzs1gzora1zlFsWSsqWBGSc57l+AQ=":{"valueMac":{"type":"Buffer","data":"f3O6InQqZGtchIjhadcTWjttSiO+E+IDr46rp9yMSkw="}},"LCjOMFVhkCeSsWJw4Yn03CVA6jMmrkpuCOl1/pCRYJ4=":{"valueMac":{"type":"Buffer","data":"kGQkaispaAbNzXvMBjUsk0KcHH/t1T2fDfHfNwEeBoY="}},"MCLiYl3GvGGdyp0Ag1cNRcZ/qcS7xJxtnnJRplsO8Zs=":{"valueMac":{"type":"Buffer","data":"TI7WKPWYACCNZ0BLxP518feq/sQoAsXR+PgASzSqvtg="}},"MiZllBGWqHXo4cPsEhc6jM9s6Jbsne4z8BXULb0DWa4=":{"valueMac":{"type":"Buffer","data":"rbxJhbWaj0ilZRENl73xwXvdlXCQGSnU0/vtQMvVLvs="}},"MmPQtUC0dmqH6bGIYjeinZwaov+Z3YGcXxpNxiv93Qw=":{"valueMac":{"type":"Buffer","data":"FHes7TCLJESHIgTSyD2I6AFGGLddsfMmHT4DRwyAVHQ="}},"MttL+oh+fHB0lbh8XAdmTTAc2nNdlcRklZ7BWsEthyI=":{"valueMac":{"type":"Buffer","data":"8z04KnAVOmbXPsNyNsLftf9SZDW9ioZy+pd54NS6IUQ="}},"NOAQA36FgQsoDnLoiF+TLWCuQA0DD982d7ErUVpPzLo=":{"valueMac":{"type":"Buffer","data":"AvXKQSPnQx/KyOIkTFClJht/OgUmMf6ROqKjmKnWTZY="}},"NpegIdFTe/psC1Dezo0RJiR2ODHxA4qUs6C0et8i5z4=":{"valueMac":{"type":"Buffer","data":"k3Msew8gOwgu24NYBNHkHx9VYt6DxILmodV0cQpsi+s="}},"Nulxm2K8CGcM1Ykwqkaw5kL2AFrb16HP3LCO4k3ArQE=":{"valueMac":{"type":"Buffer","data":"QWDLncZ/z/HwvPG78cmHf0Zehmd17i1Jf+Zp9xTF4XU="}},"OQNUeJWK8kk0SquqOfsp/J06ES2jKRJtHfneLKVmay8=":{"valueMac":{"type":"Buffer","data":"hwMDuGBfIZUAKr21tqHhx17JNFRc6Wydy2q8AHrTK2Q="}},"OgmkYD0TebJB0c++enQYtn+nDaXxY/GU3O0TCh1xNww=":{"valueMac":{"type":"Buffer","data":"LrYHROtTBXXIROq0EanB879/sezDnVyl+vPyl6wkZe4="}},"Qm1Iw92qqQ9z+DcBxLQ9fd5Fw0oMeNSNFbSMJW+5M74=":{"valueMac":{"type":"Buffer","data":"slybvuW8AJ/oM56fdpRugwLotUA2D6AjVbbqnnIcpJM="}},"Q2nETWqoHTybZJiLknddBSy5avozJiICOpqJYbdD0Qw=":{"valueMac":{"type":"Buffer","data":"nvnFrRqPA1G84HoiiD7UZrkE9eoYTYtLPS7m/7a0T1E="}},"Q6ZYaNXjUFVGG+4HRhZ1FIlMFiEvadUm3UF5x2ccuLw=":{"valueMac":{"type":"Buffer","data":"Z7QbXO/jHo2fzbAMBnerzfES6Ll6YCnxCLz6S0LOrk8="}},"Q79s0SvUVfZ9m3vN/zjr/4fuTF9aBrlQHppB13WcGYw=":{"valueMac":{"type":"Buffer","data":"tDiTx0Ff7NXKdkQG+YCsawkCMbNvrbRg/9xD/RICwkw="}},"RHQBik3cX6KVbGxatPX2hK81sKF7bQeuutL8+b6dmVw=":{"valueMac":{"type":"Buffer","data":"oFRXP1lfjtlnumRm7KzOMBNrHsz5x8w04F1eM8UgX9Q="}},"RL1fXfMYOTh6mjUQ/6oIQ31KB8Dk+enY4Adb9jOGdBA=":{"valueMac":{"type":"Buffer","data":"mGwfMAYHpKFISBxyJYaBdR5CtZGI3bcy1Q46f9MhnVc="}},"RccwtPfb5akXg8RZGfRWeKq7IlW0NZq7HHKEZxDfuho=":{"valueMac":{"type":"Buffer","data":"kJuE/E3kZa11StJoEMNXn1/bLb4GMEFYxojb5GqDigU="}},"Rlr6Jkj1IkUEKYcctPPNoff61dXQOtGSpNqwni1LE04=":{"valueMac":{"type":"Buffer","data":"KrdlSWmA2u4V6D0wSNsHAsfjG8Ir+6eH7w5ZqsiWAbc="}},"RoDMdzSBouOjYJ0d9dS6oGJwvUvUWOGYd6RZBeYcUgU=":{"valueMac":{"type":"Buffer","data":"J5ptH77nxmXVcPCd6s9+M2YKnu0qjqWMVu67RiPIyzo="}},"RoZN0IvAt1aTvJZ0U2h8CE+YIpaNg7P8Lj2D+eQSUqs=":{"valueMac":{"type":"Buffer","data":"s2a7zgiwEqIyFuLMUVRIUxRIVfFDBLREcBu0kds2JGo="}},"R/nXLY0hyvqDWRfS/8R5Ch1lIweeXIxUzwhN3KrX/Ac=":{"valueMac":{"type":"Buffer","data":"/i53eOiqZedS5z3X8/JJkLzh8QD31irSHvtccjGFLSk="}},"SErQENNGfwtjOkDY7YFNqw0P7GcLm07Ncrgeb3C9WLc=":{"valueMac":{"type":"Buffer","data":"7BDJqnHd4U5j2xu/4DkAszAUiMqKqoV46f8fdOfzuI0="}},"ScaDVo4Q9nQPUKQZ68ygBWRit8cO2tCFhlID6vWPoAU=":{"valueMac":{"type":"Buffer","data":"yC0slj4jngdBEnZMtgwJf8XA9sKJKBTZ5fkxiarq0wI="}},"T+hXh1/kymaI2kpJjIVtABy480ZW82wmT+u/pniN5yg=":{"valueMac":{"type":"Buffer","data":"iqydmslgGHv4CLXSkwyXHjcxi7xDN3NObySuijSY1jY="}},"UCsIDWmyUzorIBzVzYwUkJKZhxdW+1TNt+06XG7q2I8=":{"valueMac":{"type":"Buffer","data":"nriSLOWxlTHZ3bADWHc/6ZkjDl5uF9tXOOmPqId3A+8="}},"UCxQjmCAz7A4Nn5i1u2S/c7FfjbJxPzqm04AV5MWwas=":{"valueMac":{"type":"Buffer","data":"J5XzKqRJt+dpfwpFfv4uK6M1CkI181Gka38wuBAzLlg="}},"UVaIHJiYmB2B9KMdiHJefGrqqD9FSIJfdPUMz+qMxq8=":{"valueMac":{"type":"Buffer","data":"8QEHjB0murIWVJJYyoek9lBd6k50mQKIowoXM+aXwd0="}},"UW+295ouKOx5SaKMLHYnK9dgHLEYw53HTWT8mzQnrm8=":{"valueMac":{"type":"Buffer","data":"r/eruvrhJwoX2uC7RrcyIWJx9h6YrwW1Rh1TuY3mAUo="}},"Uq7ZGussVsFZbdaaf0mJ6QfmmuxsBG1mQhoVtFQZWys=":{"valueMac":{"type":"Buffer","data":"Sgp5XAiUIrTYnxr5J8LncMv5mNqYENBpEDdS9wB+oR8="}},"Uxu34VVPx5h3tCulxKVA3/zL4cqISmOgp56gnxICStM=":{"valueMac":{"type":"Buffer","data":"kPyIGroibNhyXGOW0A0R7mDkvBnTH3iFwiFbdXHLO+8="}},"Vu6QpbiYjvyejhE7HbjX9zTqBcs/zo+QjJPa2yoi1YM=":{"valueMac":{"type":"Buffer","data":"9+ablzAIBK6PJUuZc7SOqW68zMaFIiSvRDoK/MX3RLA="}},"V7NpYzmwElgMEbnnwKMao9aHKVVw5j8vh3hI/odNPFw=":{"valueMac":{"type":"Buffer","data":"zu7NWlaf9is+NytFyrP2E8U8QWDzKf04r4mYDPSc0YM="}},"WKeuikGUcNzEMAVmYBidSkB9TYOY4daNfhOxA6LfsY4=":{"valueMac":{"type":"Buffer","data":"+uykDzgQcXoA17gGEda35zshzspA3j4Jzx3vHoyJalI="}},"Xd9YFB3GK8kI1a701XWO898mZMyvVi/7fOHErCB8RYc=":{"valueMac":{"type":"Buffer","data":"TxLTYt29jAIf6Ed/3oHjm4xwibP23WtRj6AMCZ7my0o="}},"Xxf0/U5eyA+0ZeXzzlFZw5eCVRWgNP2AjbtQT1gLcOQ=":{"valueMac":{"type":"Buffer","data":"8VbK2y5HNCaklGsk+BjhTiX7poiTaTKi6AO1p2+s4mM="}},"X7qgszlY8ArpZju55/O4CHp2ZmAqMcoa8YFOJ4ujAqg=":{"valueMac":{"type":"Buffer","data":"PsXLn2Tq0cbOiVAUyQH1QWZtjusiuashEOzosk8peT0="}},"YNX8yZT8PX201bsmKd0IsM2NlSezj6o9ifMNgFtZWwg=":{"valueMac":{"type":"Buffer","data":"CHx95dNNTLMiW2O0uNTKn5kze/ykiXs+4X/EflN6prk="}},"YWUgiA4EtMtBElUEB18oa88tOvDaeZhC7+KaXcwEHAE=":{"valueMac":{"type":"Buffer","data":"DFTaGOZC40psSgLJ/EgRUzFZsKfCN3VwF5Uu2NYZgJA="}},"YeOkWDNGRQn7iD2eejI6cR2L/7QanqBvicASCm5DwNQ=":{"valueMac":{"type":"Buffer","data":"F0SWwoG4pEf+TeRpZ/xvoH/aOqYpyW9eCo5YJdHyRnI="}},"Yh4hDe23f4J7sB2TdWMqrNNz6tcOsnBEuy9tVEXB6Z8=":{"valueMac":{"type":"Buffer","data":"z3kQMhs/SDvSJxl8D2oeXSedAIkmI+m7TCj0iRx5JAA="}},"YkCdgkida49c+nAuviexfQKOlsiVsPrnQsySjdYgiSA=":{"valueMac":{"type":"Buffer","data":"Sp8Evl4RLJL5V3MfZ5oq3A/6m7Ao+pLak9b1yxhEix8="}},"ZESiHqnVVODIkNbF98l1eFxM89Bp/5pBMXumJPAUSgA=":{"valueMac":{"type":"Buffer","data":"+1aRQ9VowVBbMEJyUk0zMfVKfpiPCCKoDq+k/W3dcyg="}},"aBZNhPm8N2PdzG13DF3TOBSfcHrMzGU4w1lLnuL42pE=":{"valueMac":{"type":"Buffer","data":"m4Wu4gIP1Qe82MYofsr3XiygeCy+oFfu08M3gq+AYRc="}},"aDHkBuS+8rGfD0KOhkolg+1PbaEnlSGzKVh68oH4a0A=":{"valueMac":{"type":"Buffer","data":"5EpzARc73cxEfVLriTaP1YiLj8xOW9KmlFWr5VYyqeY="}},"aLajQ9DPXetuxEAd5tI5xhyxxT1XYni52G231ZSeA7M=":{"valueMac":{"type":"Buffer","data":"wylT4nlwU4JlWLojSICrWPq3Is9+xvz2hQ58svJkEZg="}},"ag4fMCbNXcE4JWFVOwdmxhxP/ncxmd6enWPpStE9QcI=":{"valueMac":{"type":"Buffer","data":"pP9yxz44KLyPGhgLW8fg7x0rkLSn49sMyUxkiCL5WAk="}},"ai7K+YMol+1bQiqz1GnTrApQHvaRCByr7bQStHxSKaU=":{"valueMac":{"type":"Buffer","data":"PfVf/6qnGJFN6kYOiYwF1HA7xYQTIZth2iM9Elt486I="}},"avtCujfCmKMtL7L/Mdvk2O3NeOBoVF4RKptC6AJilxE=":{"valueMac":{"type":"Buffer","data":"xUPiTxmqO+S8yXg5sODC834el5iYf+QyQOw0j4OXaoo="}},"a56JV57ZkrKrMaDMBw0UFUwm0lUgvOftg0RxC8y+6KI=":{"valueMac":{"type":"Buffer","data":"LteM5FMabxWdyiKsDYZxXM/OaOsrYhBwAr9qboOVke8="}},"bImImRonj8sAoQoBYLlEzFxnV5YYB+6zOTWNNXnqCts=":{"valueMac":{"type":"Buffer","data":"QkMAS0I3w/q7Rll/5N3Ul9dT0jaXP5TpFODwoUKLvtc="}},"baNeLGwesj+dPhLBL7o6kVYA5acQsuKmBtCbH7864dA=":{"valueMac":{"type":"Buffer","data":"H4WmcRo+jebvPPZ50LpZaKLQQ6lvMYm4DN8AM3+qP4Q="}},"bv59FaYZryfy/aZySB1CH52L6wCA3o3/Lp12LpQ8eAM=":{"valueMac":{"type":"Buffer","data":"V0ir8njNpihekwUERznuQdpKk+caDIEwelIniIjGXSk="}},"ccqWRVUwu9Hm+f7+MN6eCzvT4vq7k/kQFrYmJnAM0a4=":{"valueMac":{"type":"Buffer","data":"Y02GuOKLbAPcExHmz+KgKtcueW5cfyk4JNRfPwPlPg0="}},"cpWUOx4wEPSXeyYQHN4iIQPOhzQTr9yVvQJl0Z+X9+o=":{"valueMac":{"type":"Buffer","data":"Zb8Tm/nXLxHHs9oby3RGqrWbalxkTOVVhkK155E5F44="}},"cqSl07wF2HilOoSh4rNe2PAXxlNlRsYlO2VfM9vp+as=":{"valueMac":{"type":"Buffer","data":"amqzK/Z7r5v7Y3xDXGsG9bmnqAx6iHdJphUW4I3oAmk="}},"ddxuKqYmFRtldZvk/2QteRNYT47jgHF0Hx3t2s5/3SI=":{"valueMac":{"type":"Buffer","data":"OJLreL6sNhv9vEDZOOMDudqQeAjMQ2/vxIKv7kkKi9Q="}},"dte6PcC5gdvGOeMhae3hCCtVrpexnB03HUmjTOthnYg=":{"valueMac":{"type":"Buffer","data":"2Pk2F8zXLXxBg+wcOQd1dsaQotKDLv5vhy6xgnV+5iI="}},"dybXEqSL7TlDX6wK42Sfh1MUcJbBxpSo/i3E0R4fTAg=":{"valueMac":{"type":"Buffer","data":"1THzvuW7BVYgkmlNyk53qdZoM0Gxm1SwY5ic/CI6p94="}},"ecW+ZVuQBdsWFxqa4n1hrYQLOchG2UZUA7LAKtH6lPM=":{"valueMac":{"type":"Buffer","data":"97DNQlhx+hxgkLl2JDEbk4YThPG+l2UEx4q9sZ+X3ac="}},"ei2ZPryTtwUPOmhtWEHOrbdZZV7x5auxOoG65fJxV0s=":{"valueMac":{"type":"Buffer","data":"QZUyP/cqtWW0KW38ww6enGWn+tNko5uUg8rFvMQrkiM="}},"e0YCib0vCcwGCYlo8hlKRigXJ3OIxwZhArr6tnvzcr0=":{"valueMac":{"type":"Buffer","data":"jjTCrOtZK5PxDzy4QuaLYs/q4jNfoqZoQDpOJBjv/c8="}},"e1kooLx0qmUKGWxm/326xRltkGwnlRmHtigiwF3RTuk=":{"valueMac":{"type":"Buffer","data":"InEquReM6F37WWrH2p5ozD4OTS8tc97UuPhK/vr6H0I="}},"fweaC1kbsS26XXnBeVvR6VncrTRRsXW0m1F6CfXD538=":{"valueMac":{"type":"Buffer","data":"3rBRKNlK3026vSSCS9M7bocy0ZeWgvI6eVeeAVf3dpk="}},"f1fYwNBXaCCav4kCUvVtjIKN/KpnjMFTN4demAGrpT4=":{"valueMac":{"type":"Buffer","data":"36q/KfFapMMwdAqPAhbkEZmG0kJvaCwJSBBMPM5SXKA="}},"gVrj+AKPllQAjxGRAYxYkv4lGpFyKsT1clw/8dcF+yE=":{"valueMac":{"type":"Buffer","data":"Aj7PKt6ivx2pm3Ipc/E79lCDjcV9Tq4T/E/z0OsQJ0E="}},"ghtf/7WifiKqhERpBltBbFDZzVFmL39a3r8ZyT9e1qA=":{"valueMac":{"type":"Buffer","data":"uhVh7HqMz2683NoM7lanMWIT/wxjErM4ycaCAo+i4tU="}},"gqJijP/2quZU2aHNPueDA0TKmiyEb21PjCerUAvugZU=":{"valueMac":{"type":"Buffer","data":"3fYM3AKhdCLUAepqcGheqWlXMXNFgND0AlEWoUaA6Ao="}},"g3pIC9UxVTO+EzTmft/wwr3NfgixJ8bfY2mj7qxSW6Q=":{"valueMac":{"type":"Buffer","data":"VaRPWyL9OTLdiyfEqYe0tfsfy7nLnM4Y0AUkJ/X2ZUc="}},"g9xgd34XYAmqhJU/uoUCtrJ9cmGPLBEZnqquVRgX9VU=":{"valueMac":{"type":"Buffer","data":"ts8axUENQerwD6uYDqjpE+0987Ld8Zt8wlYgYLwcM/s="}},"hBB9Qya8vsH1PsHYpN154MgUJidllgm4XLL6BXgrFPE=":{"valueMac":{"type":"Buffer","data":"nvITczcnpqyBka0cADZTl0DfaSOrgRvKhe/L/k5tFXQ="}},"iPy8vcEYiuJzP6ns7ZnduFDvKguGSAWWWm3tCtR+M8E=":{"valueMac":{"type":"Buffer","data":"hYKLKhfaGPaLkzqFZxIeoej7NZfyrawvS8ITA7cL9ns="}},"igHHeYt+Ry5USJPABIdp5gqv5wiHZOP4A0LVTx7m4ag=":{"valueMac":{"type":"Buffer","data":"ilfkc69fTAaSGr1riWuLxVC5VtnCTumTNvGcJ5RVCmU="}},"i9IMmFqAPsyOEcUxYX0Vq4qUnTQ3oKBM6x34T71OvQw=":{"valueMac":{"type":"Buffer","data":"o4HHEUCvo5AEZrUaQYGo6ywVlCGlUgqvF3TrPHwL11I="}},"jFRO24Y+mTdKolIs980VuPM1+ryuqS9nsDy3EJQ1z+U=":{"valueMac":{"type":"Buffer","data":"VX97w41hSq/sPKj6xcSNuPMnUsqcB3+e/hhJGezG3yM="}},"j0qNu+v311rwPeR74bnYV8GmRJozIWNCCJz58cGwAuk=":{"valueMac":{"type":"Buffer","data":"Sw+UdxavBlGTiXmRTqPBw0e1QzyXKgaJ9GB2Vt8lkWM="}},"j+bOdxMRIIM9QbJ6zBlRo39cx1MxWu5NFmlW+0Mv8Rw=":{"valueMac":{"type":"Buffer","data":"YDyM4sADjfBT3hmiPLSq6KrGn1zBVsqRwiwIxQFiZ7k="}},"j+4Ns85de/0LJqpHV+g7WIh4gLybHc3XU/5uIt0pydM=":{"valueMac":{"type":"Buffer","data":"juaOOzUwke0iXO1tvNALZC+R27IYZASiU+ra6qWU49k="}},"khiPBLS+bAVS6Do1GnxTmf7thrh3iWQCxQ9N0fdWQp4=":{"valueMac":{"type":"Buffer","data":"/OzEAC7/IIOmnG7rAxnW/1Hr2PoVI8JdQV6Yd501vzw="}},"kjL+pR/JKqSOVIjCRbDmZoWjMI94fAeDxTRdyo+U7sM=":{"valueMac":{"type":"Buffer","data":"uWnwoCToyEb2v4GPnVbKdxz9k2qB2Jfjcbu6YEl6jAs="}},"ksqcJCnF9HESflOHWZET6EFEq3gpzMuixNGMa/dhcQ0=":{"valueMac":{"type":"Buffer","data":"kGJnC5Cvmp1URdEN+Ps+Nv85XhOrKQ9IOK44WW3mpmU="}},"lE8szqRDwjNPzwOSKZmsD+VS5s2Q5MrWl+nr93lxldE=":{"valueMac":{"type":"Buffer","data":"0IqqTnGk4BZMdKzSdndBvspIiIZp+n8ZOv/xzmjYnqM="}},"lS++9+gplBLuDBsH1xYAIiXdFJtyVJP3RCOgnIU07Es=":{"valueMac":{"type":"Buffer","data":"5bpYFIxQwNOm9fE1uXqCEH2rwY3a7Ee/EOoPeauKhDk="}},"llBNGamdJqqU7f9vHCW4H/92q+BG5Gy5xgNfPbecRf8=":{"valueMac":{"type":"Buffer","data":"HKfIUJJSOSu+LBQ0r27l0QBE8n0ouYWPgM1y58PdeIw="}},"mNlmR2zVNhTCOIPYG8n17qbkxJGp1Oqp1dksN46WMLU=":{"valueMac":{"type":"Buffer","data":"UheljWCFNAuLFYtizxpYlNuvnOv5u5f3ARtDZHmvqH4="}},"mSQmZjXSlw8M0eStj22EuNmnH+S09ToRiZOg0RJWxgs=":{"valueMac":{"type":"Buffer","data":"AkWRns0MAowa7W0x3YxyzSJeYtzRo762hY7f8uHY3mA="}},"mfgIyc1fCSlWkApThxYcDyOyTxp+/86zP9OZUFnSDZc=":{"valueMac":{"type":"Buffer","data":"C3bv/e38qExjdCMiEk4iSwImH/sw27o+7H8M/pYuTGo="}},"mtHD6hFZiC389rX6gjxb6AdMh8fWItX7oIgDXOtFVqc=":{"valueMac":{"type":"Buffer","data":"K7xji0uvXi/qJ8vke3vxDeRKpyZY4l2ByeTKTou+/p4="}},"muzaD6IukShe6Tg6uI8NnOLSpWheUuAUofu6h04b+4A=":{"valueMac":{"type":"Buffer","data":"eMLGIARL/FjDcVZkBmSMIQMZXqXY/s08XdeJAjcvUpw="}},"mwqSZKokNZyxFXYOZPn5p0ZnEptgoKEOd/Xil46xQ30=":{"valueMac":{"type":"Buffer","data":"Yyn/+fGQXihLrKZ9xTFybEmO+h34PfSQTfguKd8mg1s="}},"mw3XAhAoQfsXwViMy7eFXHCVEIYC4KUh8XE7mZKCj1U=":{"valueMac":{"type":"Buffer","data":"xltBC/BWg6ORGVu8b/y2JoZsGW8r76ad3baDdu1Cw48="}},"nDGECJ/UmoET/tfBGNX/U3UbIIwVzcGztKmaHVs8KhA=":{"valueMac":{"type":"Buffer","data":"bEH5O8XxL5nzCigkWJXYclNq2ykk7T8wqgYtHoeoE14="}},"nFJ0KW/ypuBjftS42GFU5uT0jT6ZEg+bBhjh4DA1zD4=":{"valueMac":{"type":"Buffer","data":"N2iaZUvWyM3lay26D6oTyVA/dcqW0SoswYPhqdrN3TA="}},"nLBlLrl7xRjH/Wg6Gd1ln7LVyVd14TEH7mqLwlJ6Rj8=":{"valueMac":{"type":"Buffer","data":"E4iGYzPT3qsyaGOn7HeVOfEcPtDdYuX5zf5QP+E81uY="}},"nbJtHSbRYVtzu0Ny8+sbw2gieVfQssA3VnILL/K8/8c=":{"valueMac":{"type":"Buffer","data":"qu2y5eNtz9U0BBIcb5MdUa+sq81WTncCjHFPGGDwwdU="}},"oFm9kWA0J7PwXn5mII0T/iG6W+Q2rwktCCEs1w4gegw=":{"valueMac":{"type":"Buffer","data":"0Qxlb448PF1auXW5P9TZZsHNFX0WanIpd7Ku0ioEd20="}},"oL2H/S0FrCq3+v27oLTCEo1j9EWKxZVAxBkotU/bWkw=":{"valueMac":{"type":"Buffer","data":"oNcQNk0Bqf8T7pUt6LRLAfCQ2hShtf6ZPtHsMiKuUvI="}},"ogFKugisrFBMRBZt+VXtPaPETdjjw8SBXoDeJimatn0=":{"valueMac":{"type":"Buffer","data":"/F326m98geJsno7LBzM0LHMPwYd/39MvFZEngKdy2Xo="}},"pCjOQXWTZSZGPqtnt8zl836Vnk1ywEZK0RsgtmXd8lY=":{"valueMac":{"type":"Buffer","data":"M31oMJWXXVenOUIg7zQ4Hp9jB5gQG2v12JTjfSDOJjc="}},"pHapWqddCsPCWS5+BbhmvvJSGOo7oKFkNRqAN+FdRYU=":{"valueMac":{"type":"Buffer","data":"VBXHEkW2xXkKJpGb4ff6Chb7Oyrxhf10uNpm30bfD3s="}},"piMEhR/RSxbhCCl1z0/xcK5iR0UMY8Y2x8OeDK1kYpE=":{"valueMac":{"type":"Buffer","data":"L7sM38BSsMOsqsliewi7C42h1NuUC+djXKkMnuhsPUk="}},"qDC3cNJcvvlmA2aDsgqKZ3MYMFM71t4YVf7i8PRzJxI=":{"valueMac":{"type":"Buffer","data":"aRurnFO5mwlrj+xZUaTfBMPXcERjWMWkAnRG2izbvxw="}},"qlaFWptHvyR488SpK9hLlkJeQDJIBJrV/d8/iVmhB3o=":{"valueMac":{"type":"Buffer","data":"y3No/wwUj8lgD6FtEFIbe3bo79h7Z1QF9QjrsHKkE+I="}},"rKKX5oWdq6hmwYVGFsdowjrKnW1N1JfZ2va9O9uUDGs=":{"valueMac":{"type":"Buffer","data":"l6Tgid+QesKcNDUC88kn+GpQZfR47d7Zlj9NP5RwyIc="}},"rWuZ5MUT9O+UetTAcKMsr/rHU9cXLII/ewBt/nbDwNc=":{"valueMac":{"type":"Buffer","data":"S+zh3Hytd2LtOB9tvtxACw1i22DVZIVvxUqjEdLwB7o="}},"rj3d7wzakBclMScEYx51WBlrNh6yJDMxqssBa+5xeaw=":{"valueMac":{"type":"Buffer","data":"a//KDfmf0zOYGqJ6DqoWaEdQ9CRqx6mlYgNrWrfFcTc="}},"sEEVrft60ij49SmxRnHKyAYz6IJ4pDNp/mPYXS3EyNU=":{"valueMac":{"type":"Buffer","data":"VBorBHmt899anXuvOevU6MU2ozVMIRB+eMKNWW3sfKw="}},"sSNQdBToztdP8lZaq0vab6D/YacoHed73H1k0i5JDLs=":{"valueMac":{"type":"Buffer","data":"DYtjnvqmKof9v5WkTOL7hVuSfVbEgo2PMzLqKwQuU2c="}},"sSkvPkBjPkshFOVGkJpR0bN7pq79jc/06hLFxpi3o50=":{"valueMac":{"type":"Buffer","data":"aRJ0fYq1BXSFZx3hiDwnw/vcqR+pA5VD/XnOEtt1CEc="}},"sYXLy5nrlZ/8Bll4x2lQEoDe/weJQYsyGfZ4jrtB4Dg=":{"valueMac":{"type":"Buffer","data":"Q6neznXM1d4Wp1oTKWxbCBq2BZdJ5VUFiZbbwQ+WEvw="}},"sr3zbugTlOsJ5HjiTt5MGVpbng65OtOxPmu0jXBNZaw=":{"valueMac":{"type":"Buffer","data":"KPspD0ixmKvQdbI7W9lrhyTT3S8qh3EPS2IzhLunYGc="}},"swF1+oliln9HMSXf3HbaRHf+QITylniMGTGUR6Yhrhg=":{"valueMac":{"type":"Buffer","data":"ivWp8gKZM5407MCVRm5zfnjS7mT3WxMgdllJvkyE1PY="}},"s+NacthFScv51gcVg+FVIC+AsY+sN7Xb9wyzL3LcZ/E=":{"valueMac":{"type":"Buffer","data":"RUGw6Kyy9w19B2My0ShQG5/EFSNhrglWsQ7jgWzWVkY="}},"tPlc9aeVHZfNQ98EwwXxAGqaGVbQ9n3fJ5ex31Nanqg=":{"valueMac":{"type":"Buffer","data":"LOsZl3zGTIU8v370otp+8HkAh0d9sd7ehfHi3iWwf2o="}},"toPf/lXD9kw7x4d/bkjzXzRIl2inZxl9mxWMCQ/Bi+Y=":{"valueMac":{"type":"Buffer","data":"LZgOkH7FXTjbTAuyY8y/FTm4bwobZT2nrO2cePG7Was="}},"uJKRrTXxFECh2gqXpk7kCCgXNeAjvxy80eX2BVok21Y=":{"valueMac":{"type":"Buffer","data":"CIFBjn9QBqf2C2yor5nti0R+k6GG4VqOTeiUUVlBrWc="}},"uJ6S5fxqIVYVWF2GQGjBJCa5Vu00P9T2riN0RclP7+E=":{"valueMac":{"type":"Buffer","data":"cRITKaL6m45Es3/DPPqze6IrDG/b+JjtU9iWmre5kqA="}},"utj2HUac/Zpxo6B2NqLJCpl6OYvj+dzONGNoq5kd40Q=":{"valueMac":{"type":"Buffer","data":"jF+z9PMt0xVmkhVoRCdM3O89iF/VxO8Cyt/DoYJVC64="}},"u2oIQyE7UrRoftOz5AQQsEm3EQVWEuI5vaOYF6ObZV8=":{"valueMac":{"type":"Buffer","data":"3Y+1/O5XR2Lw9EKskMQp8rqak6IiluTETKOv1wzYgIw="}},"u3EYtSkJ/3D+5S50Bmr+J90Va+e5ce5E8t1wxiZIMPM=":{"valueMac":{"type":"Buffer","data":"my6GlmuVGhKrgL8V92xJ16pINbRgdiAeZW3XG1ZN53Q="}},"vFvic7i0VNfJZVqMdzXP4AQAf2uEF+QZ55mQ1X8NOtQ=":{"valueMac":{"type":"Buffer","data":"eQbYS2HyoAoeE1ZvuUOkS6VCcmeQuZqClYxGIILk3DI="}},"vTowkM38XWHcKPNJGcPIIsXS/Z++4SQgSmHkEBNPf4g=":{"valueMac":{"type":"Buffer","data":"E49RYgL46GA4txfoYLH3+4+RJ5Ihb1QbcLxrt0a+rW4="}},"vu827eikaLgSp1QUY3UZXnrrTRm8DJQX3jEKHObEfgI=":{"valueMac":{"type":"Buffer","data":"ZhvYn2Y32fDKNar58rfUc76k7N4q1WMwsMRJpu2aVt8="}},"vwVsEOgNvprGaNjMddhidXujYDjc6d/27HUoxrhPJOY=":{"valueMac":{"type":"Buffer","data":"taEFAwymUoSlppD6kXJQBE8Z0QsRYR3voFpFlTaVlB0="}},"wqSG+hCEQdusp2gWbBjuLPDmkibDq6m5KpimSDUFrhc=":{"valueMac":{"type":"Buffer","data":"uVCL3k+Dr7Zx8C3n46XfpJwMIlo03Vf+diYvmUoz7S0="}},"xCZTXoM4QmNSYRBzl2LhRLXBGFhaokoRvd0U63In8oc=":{"valueMac":{"type":"Buffer","data":"3W0a2TWBK5oOOlRQr1lJcA78G3ZbGAdKaMVtH4PbhaE="}},"xK3JAs+jK2MWsjC8CvnsZijiklmovSLKgGblTSOB7FY=":{"valueMac":{"type":"Buffer","data":"+alRxhHNOTEZmT3rl0gLUKJg9APJvJPJ5n9fXWCKTrA="}},"xytDfigyChykGHw7dP/4ssQOzc/n7jS7ZK5KlplB2t4=":{"valueMac":{"type":"Buffer","data":"2MpIz7VlFyzlY7bb5usYvAmRR1/eWKmGwbPkDNJEp08="}},"yC6F2/Vu7z1cykxUpfR6EVByq2JMoOEtHJ9cvZzWYMI=":{"valueMac":{"type":"Buffer","data":"8DWoOV97EfFyOCpWAVs2s54VaS+h1BXgS0v69ImnedI="}},"yiAuSX0oOkRdQWo/wtzAmdflgSOtdpfXUc6Vl5WAYLg=":{"valueMac":{"type":"Buffer","data":"yrjoJ84Ae2QEpg5sA1AxcU6df6sJt3UwZWi6T+/XWxI="}},"yiE5FRMlh2EzkfJBVj5YlgK0FdYWXG5PoLmhS9kwsUQ=":{"valueMac":{"type":"Buffer","data":"4Qdy/4p83qwJN3uIRQq/y+yPzZjrxEBWIsHLZW+T9pI="}},"ynq6F3EttlvFrB4vHuWrYVGCINBAwZXsmIwTE82bgAI=":{"valueMac":{"type":"Buffer","data":"pGtp2go+KAkkKUepmmxppjZO2ALBgK/Awi5/PbXXKuo="}},"zFW7aXT16z8ccyGsLuUeDmZHKYXEWXNwiy9I6GlPEZs=":{"valueMac":{"type":"Buffer","data":"h5TA9rWEDP8eJYI3UoypA1X2cGgOGool1+LbePT4JZs="}},"zYLA0oh0UdYASN2/O8Xhx7QLgjbaRp14lpR9xOlMKsQ=":{"valueMac":{"type":"Buffer","data":"rIWw4OmarPFYej4o1AT45N3ZaAlSAQntWL2bJJrrCCY="}},"0FqmI8cYVtVE3x4msNzfY6hPfbvGyRXd4+yMLIEKdys=":{"valueMac":{"type":"Buffer","data":"+k5s9LKRjQXU55iqTyx89fjx9OGBO7/j/twnww5r4+s="}},"1EAYqYmhdO+T7LCutKCphsyt0HvaFSjnZ5mT7udAsYQ=":{"valueMac":{"type":"Buffer","data":"pjtRTh9RL2gdMF2u18vzial7nlEYyWkUJZnYVZpieEI="}},"1HBmVKvd0AhWLZutUv99o9E409mI9Iitn9utrGWa2KY=":{"valueMac":{"type":"Buffer","data":"RmwGIhJN8AgvpcgqrDXLhOpdWKUA/QnkO+vNaTmQwtw="}},"1lFO8iTmxRoU8X7qW7hxYv74AIX1AZzCfBRCvnat9u0=":{"valueMac":{"type":"Buffer","data":"SntScy8nYcqoXSs0PohtJXHOdwdRbYkAyb8Cac4Xva4="}},"1mnpeNf3rp8XtkuCQjKI4tYOnn44RhbNzCI1CKJzA6o=":{"valueMac":{"type":"Buffer","data":"ctDQTDnquXHO3GqBegbul6plYa4vuw7ipxp+gQNOpok="}},"18UVeeRmU3iNOJS8KoYJc1AcEuyqRfhdA1oWdYLIVsQ=":{"valueMac":{"type":"Buffer","data":"kBIFnHGzA8iRSzdAf8TBQQGaEqrjAtQqRTdOqaolHY0="}},"2G5154L1Ssrz/2ZUgXg/WcvfGFhsN5YdBom4gPEzE2g=":{"valueMac":{"type":"Buffer","data":"JKKMN3diouwPYRg9nShTOHw7cj7qH1+Y7Nce0vdA2uY="}},"2IwB5I+/w72ISrKdmrPutXTwf8jmCUUbhpjrbMfkmho=":{"valueMac":{"type":"Buffer","data":"o8TR0BllPOvFQVj3VbqzoiR0Rv7VnkGqMDeTt/g5JBA="}},"2jEEh89yzCqeAznetPYvt3tuMBwZPoBC/SEBrdKSFCc=":{"valueMac":{"type":"Buffer","data":"trHf0BvJFeSKYpoIQ12FKQK0o9jQ7P2FirY4eYIL3uI="}},"2oBfuOssRkqHpu/TSbWjmjKeclu+cxw4tBndos4Zx7w=":{"valueMac":{"type":"Buffer","data":"PrP8FB9o61mAuRhQIa/W13m17bP+t2MF0KTk2yIcF8o="}},"3pI8c4U+dLbxKzuJKIK8fGm6uSlS3bNlxXuNj/wgM1A=":{"valueMac":{"type":"Buffer","data":"AFuFIxTMKNQ7+gL60bcL8W/2PF0qQJ2feXa/xuUlmiI="}},"380nkp0diHQf+wTIKvi6Fay5OAIgdCBYZy+mQoBtOA4=":{"valueMac":{"type":"Buffer","data":"HXzy3/IQVXvegw5IPTE8jyu91GRLvb9hetF7fYHGdPM="}},"4FW/voY6gqZ2goFXSk17S33RDO1p1x4Juw9/kRw5doU=":{"valueMac":{"type":"Buffer","data":"QW9laJtGNBEFnR8F7h+Ekyptrfh1HDw4imNbIXJixnQ="}},"4wdKbRJde8Ye4caIKHq4x/PuGCYPqlWETP1PDXJmcBc=":{"valueMac":{"type":"Buffer","data":"P5qvoO2yw6YJQEWhyXWAIgNS4ateMsGFoXtJzHEY9zU="}},"4zFC7YfejbRhyAywtPnuWZaCiqkAdacaB0hePcRxUwQ=":{"valueMac":{"type":"Buffer","data":"L1ZdB+zldxj9H79tk3XTAHpRaNYRj6mijnxLNPwHRoE="}},"5c0TzgJC1+U/bQM66dKbjXbK2GrJYRS0Sp85Aka4dCg=":{"valueMac":{"type":"Buffer","data":"Zi5H2QwNi05SkrYvss2o1NoCazYBNC3Jg+fyPcJFLwM="}},"6DaaKyCzLbxFjT3lNsMhe8Zt1au36OJM3czQV10Px6E=":{"valueMac":{"type":"Buffer","data":"xxmPt124RRrgDeTh7eQC6eCk1DMD+DSnfoKD+HpLkBU="}},"7m8PZrz2OEiEw7Co/pPDKpehasuFSMEvC7L0hbIXOxc=":{"valueMac":{"type":"Buffer","data":"3Rn39jkdCCuoI2bAsKDQPRSLwXHXy3Pb0G6Fon5mQO0="}},"7vMG3OoyJ+McxVQsBLGcnGol+cQpnAdRVkTquMUvICo=":{"valueMac":{"type":"Buffer","data":"+nv18RdowzWQC4wRrC4q0BRdXXj2I0hwTk+l+GLKRKw="}},"8JtZ1zOAaSy7PGTjjgZ+8dxdhSBRxOcvgjfItkvrCpM=":{"valueMac":{"type":"Buffer","data":"MxazbcjsHihbrWR/Mx6Qra5EAaw69M+NKLUHWR9KLbk="}},"8NRAYNq3ciYb18Cjn7XQZ6COMQDAUK+1ipKLBVUpB5k=":{"valueMac":{"type":"Buffer","data":"Ew1bPriNm2kCK4kBakwYTAu3tvyzTWE4xBZ72XDfJ7Q="}},"8ybZNTS7BMCjIh3G5C1AZfqpFOD3+I5p7fcyr7KHeI8=":{"valueMac":{"type":"Buffer","data":"qKlocsqP49aJ+0CAYtdrmUJsOz+tvqe6j0YFP9Tq9eA="}},"9FjE0q6PAk/6xBF38oR9XlNDwlZc1HLiNhi0h0AMnaI=":{"valueMac":{"type":"Buffer","data":"/1kCtUI1NrWiEURDQlobPggiapyo40IXAuf+Lqvk1nk="}},"9Y5h6wPck5luWrTsoh/9owulHkV+HvxhPsBc5PGKam0=":{"valueMac":{"type":"Buffer","data":"AEqbB/qubUTqLf5YpGGqtl89HZX+WX7UkBR73zXJXSY="}},"9+Q6guVud+9q5bjKWmf1Zkq31F919tImOWxMOveCO+A=":{"valueMac":{"type":"Buffer","data":"U5QY2K8qIzjUPYfiU6S5x9xhNFLC2tFxu+nrV6TQIRY="}},"9/gMHcfrIjbBCU/HdoVyvGFMboZKvDLY1J1UhjBXwj4=":{"valueMac":{"type":"Buffer","data":"QPFt7oZepU3iQKyahNzwbpYQqVAaPsFtahkYnJys3N0="}},"+De17bz38aRt41pVghileA9kzNmC2Cq71qaPlbZIlBA=":{"valueMac":{"type":"Buffer","data":"rwLwPkafs3GpXR9QM7nKMI5UuuJIejCGtWes8IwvEO4="}},"+KQwqgjwaTsXvOs/MWrHdZXpyE9gQjtl3mzn0lnXuNg=":{"valueMac":{"type":"Buffer","data":"8WsKhkv8A6ezg+E9f3nwnHEnsjYPRJu3FoVL487Acj8="}},"+aGFTjThn7+RAFrkBteD0WYXAuDppGG2BlB1vWyXaAQ=":{"valueMac":{"type":"Buffer","data":"FhQ57p4kiV7ZyoEdjqGzpsAfeU90NQcvp2MoNQrI/nE="}},"/cWh8TFdMKA0SK9Djh4+TopGAAslbUzwL5Tql559iLY=":{"valueMac":{"type":"Buffer","data":"M6zGht4makGniOhqb7vjRoeA8FI9UqwsLt1byKt4nBM="}},"/evHzYidHkQY4vg/mDNLDCpEqiQ2GZBRK3tutFVmD9g=":{"valueMac":{"type":"Buffer","data":"JlWvTp/kTzdZ2SQ3cqkw4jBl+enReDfxreP2l+11W0w="}},"/xtUKdqjcaBqjTIeWAuYW+KKJi1Lc0EOZdSf+CHeixA=":{"valueMac":{"type":"Buffer","data":"mqVLaKRcNOb3mI+mI2IAzYsFkFbZkrxtFYhKlU/19ZY="}},"/4anp0n49dqHitsvV68G1LnZ9SATkGLD0Mt4rLPbWhw=":{"valueMac":{"type":"Buffer","data":"FxtFpJJsSg7hUt3z8uFrFg9ASVlWiF1ln3xgs6wvoRk="}},"/6vHm2Y9XgGWv0tVk+u3bM8kPOghjnIzIawbQ7kgHlM=":{"valueMac":{"type":"Buffer","data":"JeMX9bdDaBmJti5XytythKeGxGSWf8X16+Pg9X19OYw="}},"GBPpqcraBKWroLxJCN3a737KF2mgTYmDq4eJ1wBOyFQ=":{"valueMac":{"type":"Buffer","data":"cqZ4OitJf4EcSwhNyCmVBr0OFQAtQuRrS2sRezgc9j8="}},"iiBJrvrDmWMjDwOQhVea7jPlsit2Pc18jLKx+hqqvXA=":{"valueMac":{"type":"Buffer","data":"o06I8bDowE4D+j1X75I891eSheHHTFmYxOqC0DeNlaM="}},"4kJYRUVkXMr3Cgvzfsiml6Wwyxx+r6h65CfWw7xngrA=":{"valueMac":{"type":"Buffer","data":"VVUYGlhfSVyElbsu3ssYqaigZxBNReKunEJS/x82DqE="}},"5fjkzrMeDwD3Rau+7L0pCqiICA8ieaVYbX0v8TKCRpo=":{"valueMac":{"type":"Buffer","data":"vdBstOw3jQzVnz1GZtad22kzdDs91rLvcbbSpPygUQo="}},"U+G+LIjWRb9lU6vF0Kff9bDnw6pwLkyT9jEuOZWtzBg=":{"valueMac":{"type":"Buffer","data":"Ur+UHzjlw/wQcLBbyviTLqi3TKDlMppGvwvFZwBxDg0="}},"8fQxEwCYJqBL01O+fBjqLzuZEZTmA7uDfA27yYmiUvY=":{"valueMac":{"type":"Buffer","data":"ea3WDJzFEgyVgApKrH/tZ4g+ELwx0pMjH8GGqGtV4O0="}}}}