{"version":858,"hash":{"type":"Buffer","data":"71mBDnQLb71Qmetau6mcoASDMdZPAx1TgYIA7/RX3vWnCDbcD8yMpl/GTq57mLa8GeIMKjf3gWtQELTl40epsREVuh4lQPF1jtplk3pvhrtjSmqtgF8ziyZlioBtU8QL7HQ/fpX5WZ7piYIehSS/U0YhNnu7Jya0uU0IRDbLU6s="},"indexValueMap":{"AQ2nSLBYa2n0wmYiFxnvYG2xJ/bJZY944WsDi5ARcRc=":{"valueMac":{"type":"Buffer","data":"M3KyRmlmzc4Kooxwo1AujCGHvjEe/6905YkHIkc4TfQ="}},"AqxsqWaqKudYPJA1APx/1l5wxZ8pI47tvgeywZO4xS0=":{"valueMac":{"type":"Buffer","data":"iobCBiCUHxeACSVFh1ugledlzl4KbLwMI/vwOVrn9w8="}},"AvQhiZ7wsPlw1hxsjqdJjxkdCaKXlzIyngHXveSILGg=":{"valueMac":{"type":"Buffer","data":"9BZ/RupjrQC/+8Gqej49iWpWOXHq1N9pME88+bvYDxU="}},"AwC7qlP3pCNDVto4p6bUgSYZr7gJelzzFooBLx9oyds=":{"valueMac":{"type":"Buffer","data":"ddV6rhx48mr2z3fOlqLwxzhM/iHS8oWdkj/OC+ihBXo="}},"A1mGF7WJOipR9NW+GkmgnccQlw4ltN4PJaIc9IFmKSg=":{"valueMac":{"type":"Buffer","data":"DewMCVcd04L4icS+N5YYxomWlMcJFj79ZngkfWeQHLA="}},"A+J+kFzthnzVESRraA+D8V27U0soEKlXm93t8+GjCkw=":{"valueMac":{"type":"Buffer","data":"10Q0ej4wOgqVkksLxxKRpaU04EFOyMvSyK8yTQUcdd0="}},"BC2529ChGj97/OzWD5i9QGFMuj5mc6/gqaQ++rn1Jq4=":{"valueMac":{"type":"Buffer","data":"+LW+3tl95H569RTa5NpT5eXoCCx6HXhBFNzWVGbspbM="}},"BJAgOA2QuSP3gi9kyH68RqaCjyr4SgQnqU7wjUy8bl0=":{"valueMac":{"type":"Buffer","data":"04eapYlDpZggj+ZDM6883MVPpgYEMEZFbDeVm3VP+cs="}},"Bk+z/GRyoeMiSQ1jdxsXFyEr8dwkxfvUfnqrUe5C1xc=":{"valueMac":{"type":"Buffer","data":"TuSKe6hkjaqno7zmj0rf35VR+Ot3fUAngMSrol1031I="}},"BpK7cHrUmpAaGIX1Smxc0+LIKIwfKKBsRLb9Sr35j7c=":{"valueMac":{"type":"Buffer","data":"34CDPyNOWg5SjH7+HZHA7wQkQxVDuA+fI5xr4KntnGQ="}},"B92WsO49VufLwTHHq/iWRCukUvV4I6wyeZpgVHbDCRE=":{"valueMac":{"type":"Buffer","data":"s6YpW6y2AMsvOx9Pn1H2sSOM0Wwn7lliCxNFQBA3AH4="}},"CKEhSzA6xmipnklxW/ijj+A0biPbpK22lwHc/5Chmmw=":{"valueMac":{"type":"Buffer","data":"dTw8u1ixLIxvGygRaNpDQnpnZXMsVLyKUULMqcS9MSA="}},"CYQnptYvKS6zDVTdp/No4luOypXIUcUiEh6mc5LCrEQ=":{"valueMac":{"type":"Buffer","data":"jXpgEMTm9hRMDBas5cr6vOSbIm5TTTbqbvKA1AkkxnM="}},"CZcutqfmpxcSsIfyNy9tMDAMHIhfATqICIurAiB5Yr4=":{"valueMac":{"type":"Buffer","data":"SWBpvp2m5pRwBpXbhMzomlfN1+QjrDD/BaEhQKEA0d4="}},"CbbRMb/pnsPelS8XnwbSO5m+1EH7DwzR6/IeiMqB1Og=":{"valueMac":{"type":"Buffer","data":"BOvxoHy7KwxlUylEzvGQbuHdHOAHrw9hY/i3FJ9TqV4="}},"Ci5db+SCxybYFTit0kVWJOLfnssXD46TlAez5/ys9/o=":{"valueMac":{"type":"Buffer","data":"39y1Xgp4rSKLsih792iWNqb0QnptSPr51xrKYPHOPHY="}},"C2Ev65UeVQKIsQbfdshwWUWkc2A6JkR7lNqIwH4oeK8=":{"valueMac":{"type":"Buffer","data":"aagMS8X7YpsNU6LS3NvZpo75enG/hqtz4w20qoewOnc="}},"C6vKWs4jwe2dr3BeTCDp9qY4r/bGGQ0HY6xg/uJIO3Y=":{"valueMac":{"type":"Buffer","data":"XhJO58E/kOySWNS2wZivs2Iuo4j+aogyR3m8A6OHmnY="}},"DS2ZHoFYGBFdc+IltfQLOSnnu4YJj40QCzhgIOi8wxg=":{"valueMac":{"type":"Buffer","data":"6egHwDUIW6670RyvtP9B3bfJIozd0253nysZEAo0nMQ="}},"DagodCa2E1VILZQRF/1d3KKLQ/gXW5KZ6mZTtrVnik8=":{"valueMac":{"type":"Buffer","data":"EcEhEfcOJfzUxPFn553YQE22zPHvnsjMqbGhRCyKwiQ="}},"DoBjluKKX+iYKfo3X5QtwJ32s0FzzrhQSeUAeLYpVSs=":{"valueMac":{"type":"Buffer","data":"oU2hF7cat2DT/QJqPig2NB57NvBKS88eWLhiAwIWejs="}},"DqDuU48Pvv70VSO6NYbajYspj8O8Ngs0CrHQDmTZTg0=":{"valueMac":{"type":"Buffer","data":"+y2c8y9RXXQ5JiG4TaDrSCTmW5FS9Z6vFsUfxXEG6M8="}},"DvnQ9aG/uJXb0CPSk4EntQukK+Pxj4tF5TfkcyR93bs=":{"valueMac":{"type":"Buffer","data":"SawReXlmxwiBUURw5UQj8wc4BSqveZ7MIBntpynpl44="}},"D1jSNdoLJ/uiW90rqiA0cGH2qIaz8bwYD8713DxT0/I=":{"valueMac":{"type":"Buffer","data":"1znh2p4WjyCtkBOXpq2GvuMUT7ETL8ToK4l0Ndh+TRg="}},"D55foU920arXnTZd6ZVnv1KbDwcMiR3tVWibAu3iB2c=":{"valueMac":{"type":"Buffer","data":"2VVX0GWlftT3jXeJUN/gGYi/xbY8HxLpLyTXrMba9eM="}},"D6TDCzFJ6ilIDWqAn8e164iNHa5ILU38glIljzVi8f0=":{"valueMac":{"type":"Buffer","data":"NI2RKjl8srytRswzrqKF3MYKZvAqtmXgPjarCymotQ8="}},"D6nkAeXSbEx7UgAKc96pHBp+DXyKpJlY0J3Sror/WSE=":{"valueMac":{"type":"Buffer","data":"dS9kR0jdVlpxc82lTQDOrJH7oGiwUXaCm7PxfQ/AQNI="}},"D944aHbponJmr3U+GqUaCthHo1bIYmvAnYWnUHPIVJM=":{"valueMac":{"type":"Buffer","data":"+xlEVEbpDKyEU6GQzzX0o9sxTWIaHTwM73kRbWsULlE="}},"EESojA40az0dNsvJ55djzzmy0cm+fr4YfEmuGF9fnvk=":{"valueMac":{"type":"Buffer","data":"0ZW/HD5msVnfHYsgtTpEW4c8V/zLGVyJpysXhvSVPxM="}},"EGpF6kMhi5mEBLfTOljIp3Cpnr4OXqpqcLtCPJOqG6U=":{"valueMac":{"type":"Buffer","data":"7Z+eEEKCjWkM1biBEzuS1ekTs4/RtYywRJb5suC8KIc="}},"EIEDVNa2JhNg7f+O6ugrlj8yVwXo5PBYosGVUix6H14=":{"valueMac":{"type":"Buffer","data":"fNUiRocxR4fZSf0xkGwxpV0R8bNfZX+0bCRnHJYSSE0="}},"EMGh0m8tDxl8n5AUgy0fslZQzafamferW9Mf8jndIRk=":{"valueMac":{"type":"Buffer","data":"wqi+wdrrx2Ra9javC9mcFPkJWPU7c5tfEzKHCFKTzcY="}},"ERJ6Qd9g/ZytQ8OyJDa2y+tcD4NLasFCA5am8AdI0HA=":{"valueMac":{"type":"Buffer","data":"rDDPsn1qz1MiUaTLeI+/ecB1KhPgoWQK+7KjMQXd5x4="}},"EU1OHwKHw1shXQg5PfhVrkjsDE0mtJkI4JkWzx8txes=":{"valueMac":{"type":"Buffer","data":"cmmzaVQ7HNMKDmqiWhT0Uzxmd8G5LHVRHOAevznSYg8="}},"EhMsIH36lsCmmg9S//zG/vLXRXbho8nLXBmN1+wqfu8=":{"valueMac":{"type":"Buffer","data":"oJ07hLThqZBKEUVF4Qt7cgf58uiNrzyhoMTNaZFcfGo="}},"Evjybair9oZVXJ/XuwBVXu9+Fvsk3khw+97a3WviPzs=":{"valueMac":{"type":"Buffer","data":"MfEBrZOEbG6TMq6NHHAT97BwsiCsGRq/vPAvOaCms0o="}},"ExTKsQHCcrSqQIlnc6fF5DzrjduEjL/xr+9BXzx9MGA=":{"valueMac":{"type":"Buffer","data":"sPuCdwOUmKAiNBxP00h4tvFzvLPKtOA828tpAtdrN7w="}},"EzOJ6T4EG/NB6w6zi5pCiY5pc/WUqLVAbwepSmcCNLc=":{"valueMac":{"type":"Buffer","data":"pZHbhn0t9OKx8TBvTTsyYPmop3FhJOwBlHtTMRbnovM="}},"FDnUMaaUgc9ndWpO52akdDWdr/D3dIIpBOuNbP/in6I=":{"valueMac":{"type":"Buffer","data":"YpJ5JE6lfTKMPMscc1sQoiMg+kVrY6LVG9ZSoj9QqZk="}},"FUxHNR2IUiyiAGZ6nF74r4pIMvLP2wnfLL7bhtB5HgA=":{"valueMac":{"type":"Buffer","data":"hmkBr1+Dd4b+LbVjsE0P/Q+7qGoeL5ZDZcG4r8vlyM0="}},"FdnOPRV0wx+Xv0k5FUb697V7cklLJ3rB64wAPXVgmVs=":{"valueMac":{"type":"Buffer","data":"Jm3QGcML9pN0YbLRRNnp/PMSR1tRtjVW6eclTyj95p0="}},"FzEYYjEXxsmTrjbUGIuaskzGIfIAAkUkLVmSN5JXz8o=":{"valueMac":{"type":"Buffer","data":"nGTUPGIFJBEyW+k8xk1B6g5BsmKEV/moE/Ph1GGb5Jg="}},"F1iL1JN+K7H+bgLHObIB8XtHEsfbHqsQlHWWhFSXIa4=":{"valueMac":{"type":"Buffer","data":"M/F+bqI4EtdVy0JpVWV/C3buSJJQQKrtwTedt65dAts="}},"F5DPRvxTNtfQrwyYlstc3zqN/DLgeuMZTTB8SZ07FrI=":{"valueMac":{"type":"Buffer","data":"bOilGjPdes2AE+GUxZwJQxVFEVSamsxw7V/w4Pc6ADA="}},"F55Xy+o6fjv/UtuRaDtjQ+xuuVu8ASYo4iyrukslNV0=":{"valueMac":{"type":"Buffer","data":"gTpaBL/9Up6REMRjpa84bADJfSUlrIyMsbVJR16Tk5k="}},"F7BpHotJqm8KZ6jXW4NRiFG0Rm0wN+OQSUJ0+tZjkM8=":{"valueMac":{"type":"Buffer","data":"9HaIjKiIcB41PyeO+YP+6CBj5He4hqazIUhWOivgsvY="}},"GGEn+NNqe2j0xFeGvi4F7094pFjAQKE02VzQZUJNYu8=":{"valueMac":{"type":"Buffer","data":"xrq5OHZBeZaaLgTF15bXMjyEZ23OL3tDzVVrrlof/vM="}},"GOw5S0AQLBpE56mlqz9ers0xwK+t+NY2O73sl/PS0sc=":{"valueMac":{"type":"Buffer","data":"QpJTa2PXABJlCg6v07XAIVW6+YU5FVvFb4M5go6ft4c="}},"Ga54XB4ww3WYqdzd4akyDxlQFE4JBpjRR/CAffbAFSU=":{"valueMac":{"type":"Buffer","data":"UWh4NZI2CR81EYRKt/WQf2SBuTI20igyh742Bk/TNEg="}},"GrdBiujIIPahq3JYtiKOTFX+He4hv+M8syGEQTLKfXM=":{"valueMac":{"type":"Buffer","data":"YMzOFqfXI3Urh0KOw5BMPqoMepVZbyJ6VMQkJ0fsgG0="}},"GrglOIJnXQblVkjSf1jL/MKj260QkkoVYFoIgsptNto=":{"valueMac":{"type":"Buffer","data":"FKxe+ppSIkiwlF4ySxh2bW+fkju5SWnKhzpDjKXmMuk="}},"GxYtTj6tcAsYb8MgIw3BVRuP6MxKJtjneGtAaYhfB7o=":{"valueMac":{"type":"Buffer","data":"PPl826x3hKXpn2Xn/JQTsW2dhzwB9JsI6RMOmAjjaiU="}},"G3HUIqnN+Vimsln/YGEyM38SBp6AaF7h0QPQzQt+9iw=":{"valueMac":{"type":"Buffer","data":"GdShaPNuCq1wgQ8WPdqy0EyWQaZaBu8tSlZG8vcpAbw="}},"G/dbfRnF8lFfM1u+EW8W15/HSPpZCz+TxUzqHAuKbGY=":{"valueMac":{"type":"Buffer","data":"qVNZyhKH7eljLOrEFzufnx8vOFdNJYQTxFFIxKMB6hI="}},"HFVkm84vGRG0xOVfA1j2c1AkAQfujN7ONgWu6aDAL04=":{"valueMac":{"type":"Buffer","data":"ZK7MFi2r50KbOX0RNQA8yv/uoZrsXDR7KYf0CxPTSUE="}},"HFiMO4DxDkc+S7jjawvyLHkgKfl4dls5TR0gAWLJcck=":{"valueMac":{"type":"Buffer","data":"GO/xu1XAtYg7noirSpB47O9q3PkqV/cV+W6Duf341as="}},"HF6JV9Vg0ruJoHMjRTa2EI4Sw2kd+F0IhQhIEFT/5h8=":{"valueMac":{"type":"Buffer","data":"bdYfZIh1dY86qYOtgQdKCvm7eDYWcwE++ln05UAOBcI="}},"HWT+MRiD72RcI546XUAFC1MkVSAyFQ517R/T0eOYIn0=":{"valueMac":{"type":"Buffer","data":"g4KBqDgXEwCYyc2Fcwtoull7M5qto2VKX4qPavnLMRQ="}},"He+itc1fbqeeD8Mp4gJEe02f/y6nLh57D01AHca5YTw=":{"valueMac":{"type":"Buffer","data":"0+6cgOpSzRtOUL7fHVGdZxamnHupE02v/Cvjlez/vcY="}},"HhtHwfvIAxMKNgEA/AcGeb/phoB8OyAvzwSWJJ2nci4=":{"valueMac":{"type":"Buffer","data":"pSCCQWxExvjRpXCZ3OkGI2Wkzxx0aowQtt284TYSlxk="}},"Hk089Z0e/OgH2v/P7+VCQ5uygd/4CsCn0PKHPpLnG6c=":{"valueMac":{"type":"Buffer","data":"pgroUY/EfiapgLX+SsmswnOOCWER/5dXE4S9K4VdvS0="}},"Hw5q5QhXOHBc7sguvkFDHKZr6paVApBDjuR1ys8CpkM=":{"valueMac":{"type":"Buffer","data":"4P5bfGDrVTNKK76niE0WWT+NHcCpB7vXRPRq9bQJXE4="}},"IJBGDef3Xsgs1nmeXF9fizDcDPcexKHegHGqNR/9Zaw=":{"valueMac":{"type":"Buffer","data":"kByr/rcmACcn4flYhm8Ks7ci5Ma2iTR/e7tneUguxt0="}},"IWhS37sRxhK12258HySqXywpkxyQDxmywVQMnqXEjr4=":{"valueMac":{"type":"Buffer","data":"y//x0QK43lQGyVUkEqJD1sOUF3dMI8iKQTQo/Gvi8To="}},"IWyMnGqkqpmhHkUQNFpVgEWHjra/amdxEQubxTmUwag=":{"valueMac":{"type":"Buffer","data":"pZ67GK6WHYGUblr4gfw6W1zNobE664BTsrL1T/cbx4E="}},"IblRsGWyY0w8NU0PU8s7pN7mmikvO0pv1XiUbh6jGaE=":{"valueMac":{"type":"Buffer","data":"qHaSvkUKIWYIs3OsuEdl7d/wcNRe421NQwYamtilWQ8="}},"IfE0RIqsly1JFNaqMZs1BlvpgSoETbAihwrsjVX3oOU=":{"valueMac":{"type":"Buffer","data":"Xlrs17ILM9xkmCWyWzqj2N+dMmJHB2KiVAF1c2NIe1A="}},"IgHcnwLj7uQk3VZxVkbecnZHF/em0mOPmGuuu/R3Fzk=":{"valueMac":{"type":"Buffer","data":"KVMoP2FauIf4tExn3gz26ya5byjETb5Iaq1nLnNeI9I="}},"IhPtUZ0cswl5yQPVxwCndQbNvmuSiVc+DUs8HIDDK9g=":{"valueMac":{"type":"Buffer","data":"rKcTaBnMgXK4SX+3Mr4/jbAPzObZkHzt/Ay50DZDQgE="}},"IkPB9T3nEVnOihWqXC3vIJTPcYEMHRhDfTeJNjOeXvo=":{"valueMac":{"type":"Buffer","data":"e2EPcWVhQOt2MpYDfMK2Jg02tBD3S9hPCTwi6b3wXdE="}},"IurK3/yBemuheeuRsNUpveJLsgZgSJN/jaDwR8ZY8F0=":{"valueMac":{"type":"Buffer","data":"82+HA43fWYjk63y8I6Es6fE1hqgzBp1WmDdYy0ho2LA="}},"I8O1jtZTxKtZ0Ed/S+ZB639oRaliwtp+Ev085/IIT3I=":{"valueMac":{"type":"Buffer","data":"NoC9ER5GEa9BgUOax9VENhW34g6M8DP877msuIE3WoI="}},"I+73u7ufXL5q8AeHYeiv66NqyERWnzw+LSnmIP/ygII=":{"valueMac":{"type":"Buffer","data":"hsb28p++WtfaM684RZzt5N3Bzwg6KZowx5qIiNskKiM="}},"JUkLhVVd68B2FSohZFm26j8pJWqRYvBoZoY4c1mI/iY=":{"valueMac":{"type":"Buffer","data":"coFWixVlFEV7TBi7R+TijOnU3rhsE9n0iJNJx21M/pI="}},"JW0TaPuEmbq9sj5JYlGIs6L/dCTpMiEeRqCCgfCY7aA=":{"valueMac":{"type":"Buffer","data":"b3YGz7vbqS8foqP4L3RZb84K2OXnReY+/ay1YwiCGkw="}},"JbCH8BnzWLbSB+f2mL1Q+eV/8rLgrdnagks0R3QEEjQ=":{"valueMac":{"type":"Buffer","data":"Sc0u8L/6nVkF7TeHcOgp8jAPO9mj99eHXiL2XV4Z084="}},"JdQD0rNk3LbBMdX+yGYUwUiYQQVItAqfdPojN9C/Mus=":{"valueMac":{"type":"Buffer","data":"gmtzYLP8QPuOTxm84+TXBJ6r1T0SJyZhM/kx4kSPp68="}},"Jdctes3e3u90ObPtLnrqMciaMn7KtyNDvdXGJ9df9sM=":{"valueMac":{"type":"Buffer","data":"8qwpg4nrRUpgb/vZy1qMSO1t9TM0WKG/nxlL3fXMIVg="}},"Jf30kOHSJ+s3LfZjefkNK8O56KOuntHtNPHkgh6pJAY=":{"valueMac":{"type":"Buffer","data":"OPNSYvndlpdQ0Iy+Ccb1tfTJX4gq8hb8l7WkijFtc84="}},"JlYcShIOZbQbmlt8D8VgRvwi8WlTZTOOfLnnHtCk+MI=":{"valueMac":{"type":"Buffer","data":"URNhFkIFKIqt/a8rA6FUprtJNrSoNt00qEzHd2J8B1w="}},"JqHvA/bW5f9BXWhXpIxZdOo+PCOmu9+o4qHT39sNQsk=":{"valueMac":{"type":"Buffer","data":"gVzU/fxvjjyM6X8zJi1+EzlJ4G4SOlKYsvuoGuatIGU="}},"JxplObbv/m1HGVN8LDozU15pId2puY7nNQagTpOipD4=":{"valueMac":{"type":"Buffer","data":"SKZIW7Yx63YOT6Rz7BwWAqpwLlTENmasIJDPzZDm9Dk="}},"KQjm/jaj9u4NqyJi7vwA5Xp9jJ/Rt0k3LRxZ8jbNBr8=":{"valueMac":{"type":"Buffer","data":"6oSFsn8KvJJdsoVmLBYPFGI12CZGPSaUiMVWkYZglqs="}},"Kk+MNedF1WGnteJ9+U0KGXtlRZL7NzjioV/a2ZtzIH4=":{"valueMac":{"type":"Buffer","data":"G/sLibNy12oVf78gJihSEJ8aSWWxypQSgxTbfZgAi28="}},"KmZZdbHos/icUJ3QcKflrR38Q27e7Sq4zouFAd6FQNs=":{"valueMac":{"type":"Buffer","data":"3z48zOmVwTzenzh+ad3hq1h/JvBHskF9Lym/cugWVTY="}},"KuP1sMjAFZea1JaNnUDymeyN6PAkryOW8J50FUQehvs=":{"valueMac":{"type":"Buffer","data":"mzhKSSKjFOkG/zO4VQ+CoT7BGULIM4i6EQOGa2Ckd3c="}},"KwNUQk9hmG3PslG/KCmTdGJXObkuIIyOEfvy+/92UNA=":{"valueMac":{"type":"Buffer","data":"jmlpsSMwsF5JubXe01TeP12cWg7ENjvQDR3WG3y887k="}},"K+BYErQkXM//bTz3t+kYO9E5GNz11gKOK+WPzI2tQMI=":{"valueMac":{"type":"Buffer","data":"uq8TSr4Mcd/iw/vAh5BkoWj3dsg2mFarIn4Mg1EMLts="}},"K/2kigmE980l11YQCPsRpPdqVBo2n1X9kI35QP06Qcw=":{"valueMac":{"type":"Buffer","data":"WlUr1DCXEjxUhNT7j1QEiOHzdMYw5g8RprghF0L8OGc="}},"LGMVL0UY4MJZUPOZfnie4xT+HoLzHijJfms4/x+DgRE=":{"valueMac":{"type":"Buffer","data":"Ey2UFP1NWxLl0W6r8xoOekDIb1r9DSBB4ZcpfzNJxAY="}},"LbL669w/Ccg2GUgBviTnY7B4eqdBpWsjkRvFsanudr4=":{"valueMac":{"type":"Buffer","data":"JAys4+WfHEAsygCXyJPWTjFyNTmld0cOcsFB4XLFRNc="}},"Lg/ApYV3k/NXtrtqlOJ5cFQOPOMBTqPK865IEvj75nI=":{"valueMac":{"type":"Buffer","data":"xZ8f9P+JuXy3IlMcUp8xx0eLP7EYJ0PhoQrB/ICP4EY="}},"Lil2iCbQkTltyu0LArLnZDUifsYwVep6jW1wsHCXs+I=":{"valueMac":{"type":"Buffer","data":"K3OQ2JuMcUhK9PLWJ5c/SP2/Q5AIYUea8ei5vdDFwvI="}},"LoRTM5jOGaQRceiwtxWgY5JdnYHd/I5CjID/rmddF2s=":{"valueMac":{"type":"Buffer","data":"9awd4PGPeyqdiSvqHyz8IeN1wpAya7NKZ/ihIqmzSYE="}},"LqkwKjC0rC8B09RNKp8i0M3kZpV3IkI8rtlzRYajhiM=":{"valueMac":{"type":"Buffer","data":"CcA8UKZvvE9OqJEFtKDRDIR1u9G6p0dcO325wvSUWu0="}},"Lr2p8Qq4/6Vy94bdN1FTAb945b2LlfbR+1s7Gsc+Y1E=":{"valueMac":{"type":"Buffer","data":"tncP4PU8s2mwvCmSJjPhHGLobw7lOoG38p/2Kmz2eg8="}},"LzPHlAWNguEZkZkT1JngJ8tOkOAo98zqwHCC7X0E3Qo=":{"valueMac":{"type":"Buffer","data":"7+BP4CEyFoUlfMo1BLuyKcjbMGyGPL48QOlb6CQxfzc="}},"MKL6oLTN12WuKqJuPXOG4rrycHli/Ura+plkJ4gKNWU=":{"valueMac":{"type":"Buffer","data":"vg5SDB/qUES3NaFLXqg54ZEKkqXqK+x6qI/Lpz+pjIQ="}},"MWXRDPfJg9ZV373wwkPylAm2p0nkfKalvji/4OLY1Kc=":{"valueMac":{"type":"Buffer","data":"DKOCLe8x5XIrCszFLP29Pi5kxMAKs5hA67Eh3rsC3iQ="}},"Mf0dgXbSsAZfqOUMXNvNzcAJlatFJMkEivAPHye1UhM=":{"valueMac":{"type":"Buffer","data":"05JF4LCqS+dHTRN54gLox+LZ5M05q3IRU4rItSIL/VY="}},"Mut6otnIZ2g2T2PM2zmIvHg3/Mz4mgSCOm/8iJ/9JSc=":{"valueMac":{"type":"Buffer","data":"C43CDwKTkr46akqn0Q1apBoIjypw482jZvQPhA1RA7Q="}},"MzY/jqDIcX1GDL7tvKol6l1AboO+5Gor79cVQjm9whQ=":{"valueMac":{"type":"Buffer","data":"hLudoKZmiSsrzHcFRrHR1JO8gGeXKhwbxp+cJ1l4IO8="}},"M2MbpuAifLYptWEaOr4M82nVIdkUwzBLw4YVCWO0su0=":{"valueMac":{"type":"Buffer","data":"wQwfRjkiDoNmHhnraBSH5iOuZFsPqD1EsLb6HU15no0="}},"M2lKAeeSjjpsyNTZ9hOACpS8e7EvxeTIFkTe1ePv/uU=":{"valueMac":{"type":"Buffer","data":"/uyHZpZdaNYPyfBxHVxF3Oj7Eh+c6bIOz/9d00PCax0="}},"M3QVHMeXWbwFkwFEh2rufxDW2GAXBVm/kCn/8M3nQnI=":{"valueMac":{"type":"Buffer","data":"A3cyEszB3LPZc2fNYfxoWegF3zK/eigfQ+7nPsyCPVw="}},"NCBZh+b4Ppyj1Hv2S6DKOuMRj/F+X2L8OsO7GHiPj70=":{"valueMac":{"type":"Buffer","data":"NX2xrn55nxFpING+V3TbB4b6kbwgr2TVYS65HL1Y8m4="}},"NE3TRFvI8mOyg79xettfYK7MppG2sm2xyYirTX8DYEE=":{"valueMac":{"type":"Buffer","data":"3Nt8l9tsO+ZUHBu7W1zl/p2bErssqdLsolkeDSzTr9M="}},"NW1NA2cXHRP0U5yj7mkBGlP7epHIihkdbJahhyERSkE=":{"valueMac":{"type":"Buffer","data":"XjKFoVWAY55ZrkhDEKwGuSh6smPs79ecjVdy3Tf1Dvs="}},"NdHfg331u/vpxdRJQDpCQmaeJp8rf18v+lq2RfwizGs=":{"valueMac":{"type":"Buffer","data":"jXfG9GYtozkG1W4/F5F6J+T2iyvxXKSazM8RRu5mbbY="}},"NjajzhY/4ApvmBdooltIV03WG1JCwwh6o8lmh9kkP1M=":{"valueMac":{"type":"Buffer","data":"gSjO+RBXmnv/+dKAvF9JF9J9LXHt5DJ916tcNpoEGPQ="}},"NkfNmRg0piRWbxNxEK1BHkg8XyiR19q+6NTR1kSRQ8s=":{"valueMac":{"type":"Buffer","data":"dNquyl3illFZS555w37dDGTjnmbEFrN5E1tP/tjhyFU="}},"NuLEnwViz73L6jB320uHPvyO4YRHF/+kAPdSAQYyuYs=":{"valueMac":{"type":"Buffer","data":"S5j2Cf+KyWbKzAhAyDMQnyWixuACLCtWpCKp1lIMqI0="}},"NvNLLavaIehNUGb7sqZpFgizG9Nd41m+2q354m8nr0Y=":{"valueMac":{"type":"Buffer","data":"a86SEILVJRMhcD46qK6GoEJ+1KxguN2QRnxQcRChN3Q="}},"NxxXp19D7WHtI4WyvplD9u6/fn3OFpnoLOLx2ZU69dM=":{"valueMac":{"type":"Buffer","data":"mtMuhY2vzo3WIp/PkHUdk53Zf9hoLoSos9vROmIg1iM="}},"N1ldDfSzm6coi0dONP1itRNjnRCj+vnBHYqJKTxr6kg=":{"valueMac":{"type":"Buffer","data":"KhAtTlR0sQ0c7ThMwKgMbcR2da3tquAWC9NknfizWSw="}},"N5SF090lAwkUh3VTBaiZSStVtCVANqPSqFT6US3vceU=":{"valueMac":{"type":"Buffer","data":"C1OfNFnlY4Adwk4FLr8QKh+rQh3MELG0cEbywN3W1cs="}},"N7OT7dJvPUzIcB/eo4DeUfiraKTRMCqfGxnX4w+4d+w=":{"valueMac":{"type":"Buffer","data":"2Ar4yGgF4bN6B3r4p7ZsY7cX6P1G4aeRjAroMTqiyfA="}},"OQyKlcKZY3b8AywmLXMxUJ4+EVn74tteV6TcmBoJIGk=":{"valueMac":{"type":"Buffer","data":"y4qD4KeYDHRZcv0wHPv3bZWhLgpn3SStKraR7U/xgPk="}},"OZ3OKmNodG5Xm8J+s/RPbEWacuCXNz38cpoAaIYGwLM=":{"valueMac":{"type":"Buffer","data":"oe7BeeSz4CQfzIfKYLf4eyTFTzMK4U71oyFtpn+Vaj0="}},"OaZbHvc6sXVy1ntXUkrbs5vKXKDZtK1QQiJaJGXQ0jM=":{"valueMac":{"type":"Buffer","data":"gYCiO8kgbbwZ/APku3QduGbXAAkqq//8bBTY6cuJufo="}},"OeYzadms6XxYW9rBnuKYTL6UJxE6HLt8MEqIENjPfeQ=":{"valueMac":{"type":"Buffer","data":"deQPbWUxAW0rgNkfD+3AjzgokHyYW1k2k2AKUr8Lw0Y="}},"OvhUdxWM+omtjf6PHtQLsX1O2+qsBgwWgjfkJF2XpZ0=":{"valueMac":{"type":"Buffer","data":"WtQjfmi1sUrS9DT3GtpZC0dkflz555dT9iT9ZtnrlGU="}},"O92b60J0K9D7lqooQWoZ8fPThuEVhNcYTshCunDZnlQ=":{"valueMac":{"type":"Buffer","data":"jRc93aC+m3Rl3MKozUM4HJQbd4yq5FIEBUUkOC3Q34c="}},"O+ytXHeGfl0KOcBaOX9dUHWECcPiQidlIYYJSH6MXKg=":{"valueMac":{"type":"Buffer","data":"oRLCB97xD9/63hqmhph/4YGqXx+SP+J3Oj4WiedBiSM="}},"PCqGqjeCpLXHyp5lGq+dY/6hRQZrLeFWpOjj8Voz3HA=":{"valueMac":{"type":"Buffer","data":"3JyWr9F9OaetbcYUftsA5DpaLyPU5wG+uCCRJ5FnN3I="}},"PEFO1RkSBLwXtzKwtad6pVF1jW9PslRBs86rODnKaUs=":{"valueMac":{"type":"Buffer","data":"5YFAQudOV+0RYtvyUtCEvFTueKHCnebxyHJy4Rz0sh8="}},"PFlgJzCd7jNwqwIK6PJPXXGfAJOIKsDX/92bNdhBlxw=":{"valueMac":{"type":"Buffer","data":"7/B9Ov8yXfy/pxc5XSSLe5eUat8im5O7DzX2wq5aP+Y="}},"PI39XLczDpYjuDmb3Cy07xjuCW5gyPnt3k5RRBBONj4=":{"valueMac":{"type":"Buffer","data":"M2QVrwNJnvPHi8P55KsKfSg2gOMSgTFomuFtudWCI6g="}},"PJFgF5xj0UYCkDo9k0oqXc1U+TCoxKot3qmvSWxmKcE=":{"valueMac":{"type":"Buffer","data":"9tLaBmqUm3K1FNVBHb6Plu+Oo57wNBZ/hsnRqbzDLe0="}},"PQSZ3PnapUXPPTtwUhcLQeU9bP5j/fno9O5dr+cGv2o=":{"valueMac":{"type":"Buffer","data":"dc4iiH2vQ+rMG+cNdFNdAYruAAwNUBv3YNCHe611LyE="}},"PYkDSMCR1sUQ0bpPlH237obTNs7AuouXujzGmh4lr3U=":{"valueMac":{"type":"Buffer","data":"ke5mJUx8V7uCk4Fuxmj+1rDTEmDX4Mym5dFn/1pxEtM="}},"PYrahESpsxIIDIPu+YXL1ziR3niiQ0FN0t1VVwzmwQI=":{"valueMac":{"type":"Buffer","data":"lygg1BzdimUVkezy50nVh25YQrNvMxdm5VoH3NK/XNk="}},"PYxguqSYg+o+d32+DTlu5FVi8JHsFQKklw7fQnN2TD8=":{"valueMac":{"type":"Buffer","data":"7KWrTMx2DNraGNxNdvLYZIvSimsedsgnvsm+j9Wbk5Q="}},"PmYZC+wZFNDOsTHtGVvhtBru0BzVJEIYATbT7Dcakz0=":{"valueMac":{"type":"Buffer","data":"1FDD31KUG79L4o7eCtGK0FZfgH1Dc8nm7kkvi1Fuo5g="}},"Pwgaft8QEDf/Y8aWTs7rUldGf1glGI3DHQfQnlTnHOE=":{"valueMac":{"type":"Buffer","data":"eQus5S1X7E63L70BSEZma0ogLLQ564hz7Ti6LD4qPQs="}},"P2Ri3C5EtxVnUJt03MaA/eBRFrn4JW9BedsfJ35o5CM=":{"valueMac":{"type":"Buffer","data":"HveRAGurGlL/s/HYpTIy63hW1JJ70VOLHaHfuK2j9eQ="}},"P9pzX1Cr+h/mtuwWWEkcx9orBVZVW7+WFIDo1kIrkMI=":{"valueMac":{"type":"Buffer","data":"RaQnTc7pJ1I9GRR0nBGF5vvq+fAbl09/q/4woh/+7sw="}},"QBT9fQX3N7OE6BZoHcqri6/NJAIgualQiYzODg602GQ=":{"valueMac":{"type":"Buffer","data":"PbA7viYCMTgKDOB3OcV4PHIa/n/GiCZ7EvJPPKx4noY="}},"QCSuXoWSZVR3K16GEzBTOd5jHh9gV2xjLOdOiOiAV1g=":{"valueMac":{"type":"Buffer","data":"cQUGkPS694MUbG3kC4H1TFpdVOCQvbvZy9g7sEcCUHs="}},"QDzBEjn/q/OQ+R+Ldl2yig0OUrWWoP8UPsuh4deyEZc=":{"valueMac":{"type":"Buffer","data":"hw/rok4+nireOmYy6C1xBuog22FWbxZNClJJkzImyM8="}},"QSx+50nexG6qZctFvejbybJvCWC/JtNiw4jddDHsLzU=":{"valueMac":{"type":"Buffer","data":"j/YRWy6JGqxDaevwtdlsofv5igUZS/m97udpTT42U2s="}},"QbanEPJ0kGn5p4372U55zUVJjeFX6/NSDdxuJ5jfKFE=":{"valueMac":{"type":"Buffer","data":"r5N8YHZQzvzTZJa4MYBDL2eJ8L2lpOlg/s7AHP5Ec84="}},"Qhdd63iNMdFbvOJjHh56W1wDJk/HBJnXqlOdcYDyCbM=":{"valueMac":{"type":"Buffer","data":"Y5KuA/QGagmgP9MqYaRQbTm1jDBmLzVPxNKcKPGA5MU="}},"QrAtajx2Joewaur31K3cOboO8LtxdUHHVlwUapBDZco=":{"valueMac":{"type":"Buffer","data":"QQPrNJPLpRL4OAfi3xvTV9YxZlxgyjVUsznLMzIbwOo="}},"Q1lFEz1db1gB9YY2NsZmdxLFq16AzaC64BLKC4LJQU8=":{"valueMac":{"type":"Buffer","data":"AFdtB1iM49DXDDwjfU0F2O1Yf5m6regLn3VU3p2YokU="}},"Q24OxI9DybksYfA7HnmXBPRkNZk8Xz+A86Wk+2P2X/w=":{"valueMac":{"type":"Buffer","data":"i2GM66wcpj5ZOS+TrbCY52YMIa/xJr6BGq3TTm0fH6Y="}},"RB9EJ3FPpHMpuXt87IVeRMXyKKb/f1885xvdDtlRe0M=":{"valueMac":{"type":"Buffer","data":"2DWq/4phSVCJqDGTHCn4MvK3o1vhcdd2Nr3qY2ZjDcE="}},"RDsUaUaEVwxDsucpNRcYAtQMD0SGMMDrZUbXQwX3+NA=":{"valueMac":{"type":"Buffer","data":"d1hoQkZYaj0MWx7INZV5oJ0scSzmF0lKtyeUEFsM53E="}},"RD9X2YZg7AvxnVpPW6/Qxvqk57/ym9cXwcy753Ihj7A=":{"valueMac":{"type":"Buffer","data":"V4m49QsHH1R91joy6Hh/76+eKZT2zzcDgk+RQMy9Nz0="}},"RHM6rWpXZ1RLKtg58rGs6G5908fmW5TjBcKBlQtw4Jo=":{"valueMac":{"type":"Buffer","data":"aNYLlIq+86ogFTwsOUAwC3ycbfSaMhkJLCruyrsySZw="}},"RayCGcioVp84x4cJLCElLiU3fcoJKBaRwKlubGcsakE=":{"valueMac":{"type":"Buffer","data":"2PMllM+MFWCHDEV6qO4yWrCf4y822OPRxFrrfd9S7s8="}},"Rmi9lNcTKOjnScM417DiIsTkUu5qKLUZ1W2AWz4vmzg=":{"valueMac":{"type":"Buffer","data":"MK5VVJCEzh3oFASRnutRPSwj+zG4ow19vhWX4ocxvus="}},"RvrtsqrCNnDfEyqMB5ZPfIPGvkP2pBD7IHaM3REUwhs=":{"valueMac":{"type":"Buffer","data":"tiXQB7klVWNtnw0c3sNHXayjxbEdQY5XVDMsZ1kKr10="}},"R0e4o/yF/7W43aUfcKedZo7wuNUNiIkoUUPF4ohvf6U=":{"valueMac":{"type":"Buffer","data":"eY66ejxVQ+uwzyAHRMU1F0+GobhmxKTCGZ72+wULRiE="}},"R/2TtNEhIhD99QUmkCNLxOsEkjm/Y7cSEl5Maqkpz/4=":{"valueMac":{"type":"Buffer","data":"WnsE75jkj5DP+UBsOAoI+Le7HIiJvFXYvD7QqUeemFY="}},"SL4a/9VmC1yuyeD6oQfRcAIOEjrwPW5qHvbD2eMLGb0=":{"valueMac":{"type":"Buffer","data":"7NwiYiy+VlRCe53qbwKoa+FhLsuSPA5AmzqUyIsShos="}},"SPVY45ej6k3bUsULmpUDCtqHRjIMH3Z67Xo/wJsobkI=":{"valueMac":{"type":"Buffer","data":"hrs8bqczkjubbDjj5PuGRdpTgvffvZ9p47lOL3Q3tGc="}},"SR9hIDUujKXnT3FnGu82TEPKNrtDLVWfI/WVLtYXCEY=":{"valueMac":{"type":"Buffer","data":"PZ49AZ3cWCb6UwkjbJPBi1y4/Ln/7wkj1Ettw6Pyb8s="}},"SSznYRzXtmYbDKafBXsUxCJcMJG1nFXzegpYiUHUV3Q=":{"valueMac":{"type":"Buffer","data":"Qxz/SrTo0JqG/bomq+09eHGrKcceYA/ZmBBZ+FbMIw0="}},"S02vjd8rC4vFUeALvVJ0IVJrCrtffrFs/ALzMeXksdQ=":{"valueMac":{"type":"Buffer","data":"95kcLbilFkEn6I2anvcrgP4zXxr0Q06PaQ7Fauu1TXQ="}},"S8SyCL6cUVd1IcUFQ13CT1uHcz0LLnqCddaI7PzVWVg=":{"valueMac":{"type":"Buffer","data":"bLhr+3s7xBZWq9TmVvS6HSnx8o+BVwMNvLxtE2TWr50="}},"TC1AfvGdi9FRrHOX9AbYzZU8ER5o4czVuye08yMTzZo=":{"valueMac":{"type":"Buffer","data":"SFYWjmWTVqQHV0Ailnl1hiGA3Xa+Gnchp0u3fen9ebk="}},"TKWbJkEpxVpecpiL2zOoXCN2QutEDQB+jCcfIkW/gtc=":{"valueMac":{"type":"Buffer","data":"e8QDWyrsXJ1SfYGqGnTJwa6lukL+3Mt3j0joQm4Yw48="}},"TXLOfrREfXP5lNnxdCVToHhLHODLK9lVx84+4zOrOsU=":{"valueMac":{"type":"Buffer","data":"TFDn8/uw/AxeYdeb/NhFl/ppZE/CnJa5Hy7DgFdtlDU="}},"Tr2v1G47uDuR/dow4+qo/ubsNF6Az5Idjyu+qIh+BQ0=":{"valueMac":{"type":"Buffer","data":"3cB8+XrQKX2BM3sJsNs3Ti+cmCm2gfWV1xLFaLg3P1U="}},"TyK3tkK8VIgim++i+Ybn1/nLyTL27zbfcZAQv0Tb1fs=":{"valueMac":{"type":"Buffer","data":"0OiUUXrkemMoXq/qzDCkGZTUXNwtljsLKjaLvoUPgn8="}},"T8iX4ql0X+ZmnME8yBeInv3UyDTqUTOnNh+a+kfdlEM=":{"valueMac":{"type":"Buffer","data":"xDjy6OMOimzWvB04amuMW1yUhdUjG6erlcm2GLpXt7o="}},"T/4GwzeixjhEI9toxh5a3JVd00ZqJPcNv1n5AkHPwO8=":{"valueMac":{"type":"Buffer","data":"6iEbfwuAuuy0wGgPLKNlGqChKSOFDhtLZuKTyxlmTSs="}},"UTOD1Bx2HbflMbU6INpaqskw1OCBhsoVUkp5HHwU6NU=":{"valueMac":{"type":"Buffer","data":"752XGn+ytWb1KYo4BlK2j53LuVEwSyUR+ZvcWRiCpZg="}},"UT4zks2PMok7/5IAVxok5+NjrXMOkGa2FDH6L9LrEYI=":{"valueMac":{"type":"Buffer","data":"QIn7D2yMR3BZHviLZzF2y1Vsm4w+lvLmseHp6YzAVxg="}},"Ua7GbkTvrpUnR7uc0fxDEtstswdEi3h6GPqP/yQOejc=":{"valueMac":{"type":"Buffer","data":"rjy+R0Q16OwNGIdeeAVyCnXcF+UAr9K148mBgsKl3gw="}},"UhGZI4CAeBz8MqYInBu2e+LtEXcu8qO5rn2OKqcAFhU=":{"valueMac":{"type":"Buffer","data":"wzOlKaR23CIkzhg3A4uO/8kIXU6HKVywPiQbZqIzQ/s="}},"UhTpgF55/B5WlF/8KuNwo10nccCKBoyn/8QtiuZ5LcA=":{"valueMac":{"type":"Buffer","data":"hxTuknW9tR52FghWPDV9vdSIXyK0RLPkubld2YqVEKE="}},"UjWmZsbo6zjBni3zfnTKpdUOqYAG17+JuwLUUKQugkQ=":{"valueMac":{"type":"Buffer","data":"pfyFWCd+9m31TEEqnPTgXohPs6cm+Wt3b+2t5CnCz4I="}},"UsiFhSoJP7DBnkhSuZOg9mu3VUiqxE6OEta3I9nCIfg=":{"valueMac":{"type":"Buffer","data":"C0HnghpnjoJg028DN23Xuo7Ffk7Hd6ubRIk97NJiN+Q="}},"U5iuaPK4k6OQ4cRbuc8sC/47azGW9wmFidrmRRP8h48=":{"valueMac":{"type":"Buffer","data":"EhMgh0eDGu0BrJxKm8Z3teYzLZQPtnP2U9x+rS6Vbjs="}},"U8AOynFlE7oq6V1cS+FjcmPw68vVRFUg56lc7kjGHDA=":{"valueMac":{"type":"Buffer","data":"YH+ECasOzs5/qwsHIf8sGcj6CNIMMNFTe0KEmgJa4Tc="}},"U8UwyYdJ2dj1IPWYqOhQarerAFgGTFl0maBK8d6WQc0=":{"valueMac":{"type":"Buffer","data":"9DyASjQNcp/XB9xFkwtle/Nh2HeDNN83Ie4Ear4BNDU="}},"U+VymqniNVRF/yTex5OyVzb5JGAFoyuSeIUuWYJFX8o=":{"valueMac":{"type":"Buffer","data":"KP1payqt578b0xyBHuUPPlOLzLpNQX2SDcUNfcvjTvU="}},"VJoTIczOsMCOLO9cgcR+oj5AlubWuVEzKd6Rr3wzOs0=":{"valueMac":{"type":"Buffer","data":"ibnIwdT9WAYCSFZyBvaTAy2yqW0WU7Labq+H4KrQzqY="}},"VJzZG/XGL+Zp+HIg//m28FGzHOR7kvbpiELrYZop5Rw=":{"valueMac":{"type":"Buffer","data":"B+VMANcXjuL8/Wr4nEKHAHJdSOPxdHd8lAN7CfIDc7k="}},"VPuKFuVtW3QWkEHWqI1BaRNFl+zhZq1fE0JUA35XsCg=":{"valueMac":{"type":"Buffer","data":"fAyEJBEvsAKXsVBr2FsWv1eBXX7oGocOd7KvLfx3adg="}},"V6DXuNAlnoiokOOoppRFivbo165vvzUckC6TyL/9hNo=":{"valueMac":{"type":"Buffer","data":"Rsacdmelstxje3xCVD8d0M2cVEw++/p5nkorwY9Na9Q="}},"WLjm+2tzWYGzx7a5JeVYCZ5s6ewDAYdXKpqnZaeOLXg=":{"valueMac":{"type":"Buffer","data":"3N1Wm2o2/vnQb81ydFkrnj5NikBLmXtWuRVOQmHzXHY="}},"WTohujhE7GdPRcoa1srgSapivssNDPWhAX8capBjC7U=":{"valueMac":{"type":"Buffer","data":"VD+Rlb3UVPxsCUwxV/JkEF3n6SGxY4se5/TAsi3U/6g="}},"W3ZOjKu1wjlV77xSA/gIiM5xqL/br/ipeQhwFMTwzCI=":{"valueMac":{"type":"Buffer","data":"yTQlKv8ftCCN+Q5T6w6AqU1fHKShrMABJK+3sGieMAM="}},"W/i3e7ZtM0LwNVfhgbst2cGcyH8+lXvqFw26xHyJXwU=":{"valueMac":{"type":"Buffer","data":"BHeZvEcoQ0i6etRoptoWvW4ZG+HEQIWR93c0fPUhbAM="}},"XCvanyGLRn7wd61DwY+iACqah6dOOvl1qMNPQE2nIDY=":{"valueMac":{"type":"Buffer","data":"+/uYMAT29WUjiKLRyjBK+5cSHuqp4U+WaAxHi7jsVlo="}},"XGqJrgvzBuaAccMXkH+Hfi9iytekCN5U+nwjfxlDBHc=":{"valueMac":{"type":"Buffer","data":"H7LkmJCpvh05QlKCKcHhh8x5SDs/YsAttYf80Gb/ULg="}},"XIX46JmE/Awge216SFuSeqSX8mGXYOKzOsTewjN2Ydg=":{"valueMac":{"type":"Buffer","data":"QxlPaOAGoNQrLeSJlCTgzQcoeWv7uVXz/ZXjANfKIkw="}},"XMYKbI0sGSvBV/JmZp9uSABiRtGFFkk1W6+Zch54SoU=":{"valueMac":{"type":"Buffer","data":"YHCBHffwu022QLBWOlZOtwHxrDLVuGLHarmrtwbhUNk="}},"XRDf/B+Id6XDbFTrw2Q8EFDV2tsThT0vy2+FUAc1QbE=":{"valueMac":{"type":"Buffer","data":"FV44wQyhH1zfIoW9MGB9n2t8XGENckAH/xupDwEvSyg="}},"XTwB/ybB/xEWqR7ryBh9siQSDWqdCwdLbcECukbn/9o=":{"valueMac":{"type":"Buffer","data":"QgSJKubRsRdLMVilvcOmipOENSMT6R79+hsjt6sj9q0="}},"XaFwbSmmOR2emVhuWr2ePj/uADxj0tHAk831ynPX8D0=":{"valueMac":{"type":"Buffer","data":"AL8p3dzWSy4fcyoD5iLYWn7aiLZFxgN1hTxPk2ya+Yw="}},"XsovpxVHzrFDpelmAbO2BoFGa8dGqpLS6MxmiA4Cobw=":{"valueMac":{"type":"Buffer","data":"AN9JdvZiamSswLR/FCXIZDNp6L3z1GpJIowVv3qderw="}},"XzauEgJuq82HfKewmPV1+cpL+qnNJUDpJJwjZTrD9Kw=":{"valueMac":{"type":"Buffer","data":"yL9UGJUYAvKfgQv7wcqkGNvIxYKwwOhLSYgDrIBXimY="}},"XzmyQPJNgw0zJz1RrTNSwYTedz+DW/V3uoqy5O/uFBc=":{"valueMac":{"type":"Buffer","data":"Jr5rrWee3fhrsf+UQexMsI7mCFyLOMavZWrz5Yrv1Rw="}},"YYOFuQo4lsrcQB1zcn7H3CegQuH8djpJuA4AHOoh9OY=":{"valueMac":{"type":"Buffer","data":"4UtZqZLDLvXE65Xl8G0VLiiyUuWFr6s9bvgltn03ZMM="}},"YeFHfIN2+PS6N14wSr6eGSRCVHDSVqsMiV0sYn1SiHI=":{"valueMac":{"type":"Buffer","data":"jH0BHPRQQsVwpqs3uQ8ln4I7krARB3T0DaGGaTg45UA="}},"YssGvj1qq7PBKkpjrMz4HBK2MwyrECQ5NDr7RzcLW04=":{"valueMac":{"type":"Buffer","data":"DhSVpCwk1cVqAGffzGCMYLQcIJ9jtJbeepvzK6XNaB8="}},"YtFhbe4gmFoQpuwE7enWdayV4ySs6arOjR0PIACAdqI=":{"valueMac":{"type":"Buffer","data":"KdiQQzM+TH+NpfUA6bFpUFp3sIQABUeFz3V6f9QcGUk="}},"YxRXnKb5av2QOmTwaK3oY2ANwftFvSRfihcN1Iyu9X4=":{"valueMac":{"type":"Buffer","data":"SgYFflw4Yf7i3qxNOw6tzB+V1k5ugrq3GU3d6GqfJaA="}},"Y5GURuuEcspsKAPV00Lx3xMwEz7R6KhVX+4MJIXj8ec=":{"valueMac":{"type":"Buffer","data":"UROa9ruFhYSIdYX2OHmfcVtkxMN28OoDoqgN0MoMEtg="}},"ZBYl+VnmO3Zyb2ZCo+cRZ/Sb2+TpO+aheNUGlrLwNA0=":{"valueMac":{"type":"Buffer","data":"OVMJAPmkFhDKNiWAFI7zLW3oY7kD85XkO3ffG9pDaXg="}},"ZIdIp9iDIQmgfmaN3gyZi7ILlsh1+eJqkTMswBxZ0H8=":{"valueMac":{"type":"Buffer","data":"CX8cnn6irk8v066Wpt0D9q9ZPRPE/WPjDQbbwq5LTQM="}},"ZJwxBv21+wiU08+j/OnoUey4CPIFgV0enVAoBM39LVI=":{"valueMac":{"type":"Buffer","data":"TvdbOC6BvreuPI3tlGnnjOwf37gjtVSQLpp5s0oGS4I="}},"ZKtIQG1nsejemOjSiZ+TvZVTuF90daD5MYtrz+lEdJ8=":{"valueMac":{"type":"Buffer","data":"uX5l8PeDFhoJ3ZjXg5kwXy8SV33CDjs40CJZXB9tF1g="}},"ZebNRhsqq5JEOJBaDM945U8I176MDDCXU6gXLHY1HTU=":{"valueMac":{"type":"Buffer","data":"qoq1a71u35rRLtK55VOWPU926j2X2MutiwDuiR/ReKI="}},"ZeioR32rpB5v4C3r17UcQZhlFlYRZSUy0vIND4IO8Qo=":{"valueMac":{"type":"Buffer","data":"XdRW7KggEcLem++fPHZkgefccJZWnniRtX6Ib2J+bFc="}},"ZkHeHoCEIFzxi2eYBY529X9ush+ch1SKL2xrLDcMVWc=":{"valueMac":{"type":"Buffer","data":"rm9TQGrlaC6nScTQTeTnxPfopJOUmWt3b1IFHv4OjcU="}},"ZnE5H5qiv3dJI4vt/kqufkOkt7Sg3JG/f0pY2mGbWys=":{"valueMac":{"type":"Buffer","data":"YkE+b3hQoO2rBpEgBuSck0WmMRBHiincZKnVJ8jmDNY="}},"Z2B7hkpcAmAoEELuVEsoZRyYKppuR7mcQ6HOFZnVZ9o=":{"valueMac":{"type":"Buffer","data":"6xbr+sSDM7fCED8KSqmxWcgnbaDcjwHGv58WrddkeNU="}},"Z+pdJh7yGYAuNkEZ6qjNUEb/KzGzqH43AnvU9RoNWhU=":{"valueMac":{"type":"Buffer","data":"Luar7DozRgtRa9dI1ikVzewoVDkafvkWyV2BdVAlcAU="}},"aAvRUfk4RKUxE7ENz9Izn2nD/sqoEm/mww76LtAeabU=":{"valueMac":{"type":"Buffer","data":"Yta2IAqcufeIKm6+PFNKqLXg5emeAYUiwt2NwZtVS/s="}},"aFRU9uZLnS8VIbswale6NmbE5Arp3GF20EGRjGTmldM=":{"valueMac":{"type":"Buffer","data":"lhLIiXr8WdieueafTcaYDJ7KP9s9jzVP3xsBx7GtNoU="}},"aNfNxf6J01qmlDpsm35AVBU8fy46qWiy1r6P1bgcH4w=":{"valueMac":{"type":"Buffer","data":"b1XvzydS4HyjqQUvHi4Wc7Szsos74WGrDQGNDtbqUS8="}},"aUmS410xQNg+BsdE9OjBUMSL4n1e/SP+c16gr9CG3wY=":{"valueMac":{"type":"Buffer","data":"vGYHaCjSQH5xnn5IIBbdOqJgRVnJLLf0BIsxuiTd6jI="}},"aWK6VK8lTj5mh4lsCTTP5CexDe/DqoDO/AlfWwLc8cQ=":{"valueMac":{"type":"Buffer","data":"1Q4+VV2Ld6X1cM7Kukac8+kL/6eQi6OzthTo8253BTA="}},"aaopfLUbW0WYkQqZ3lIUF4VKqj5CflRwrWdMR8JLAKw=":{"valueMac":{"type":"Buffer","data":"jJLtatOQ0ZvXLUaSiLN6TNh1c0VXXAzvNoOEESx+wOA="}},"abxR2Vm2HUGhhbu4Qmt2ryqxui2o34efYwEirIeOnaU=":{"valueMac":{"type":"Buffer","data":"4HVg/Tx0W6bhYRSW+9iwkfm6FYzAXNK/MwM6N4YXDNE="}},"auHVGu5kge2/wPsaAJTvDP3CGERlPC2IVJdcE2E3xzc=":{"valueMac":{"type":"Buffer","data":"BzXgKuA2iKvOzhZja4sTBkdlEvH0CV1IPzAwGshW7Dg="}},"ax1KJBiHbsY12RROSPvD05n4LswZHDD23FBhFZPS21o=":{"valueMac":{"type":"Buffer","data":"8PCj2iI1/436U0PmKYfDVEN+aObKXH6Euf853VbWWYQ="}},"a4QucANmeudRqDpiUghsss9cJxvPJC9CZDnMAIs9DRU=":{"valueMac":{"type":"Buffer","data":"tKQd7DgP3zTiZ9YbD6WHCHVOx0uAmucq40PTYbo+ETw="}},"a4cy2ppIiIrkJEjH8ogcaCe7etSqdAY67roRkN72uxA=":{"valueMac":{"type":"Buffer","data":"ahG2fDF/I4NwR3OV5Gd4t+mfpfq8eNgs1KgZEVIUasM="}},"a5DSRl+C2AQHccdgpwvp/d9kefyhJbXyOqjiod8Ynec=":{"valueMac":{"type":"Buffer","data":"wvUUyqfz5fSbY32dsolCTmOHFiGaP+A/PRhFvc0MugU="}},"a+0TNso4tY09qok9Udrh4VjsNbB+ZD/BIVtXchjdg2U=":{"valueMac":{"type":"Buffer","data":"zJsTiGFdvc/K9qIg3gyXJ41lPcbiHASdUX/Od1v4DyY="}},"bIvhNLrPSqD7ogLDTT2zCQpA0u23fSXtnvrm2VRaOL0=":{"valueMac":{"type":"Buffer","data":"wthNnXyM2fiwQUNGPU8AN3aYDQ8zQJRm0AtKGw/iFgI="}},"bKU6/pUFkdArh9pu2MNfkuw3zSAPhZyv909+H+WH2og=":{"valueMac":{"type":"Buffer","data":"+WHOTVODxbJf/v8C6m2UoVWQPdWa6Rh2LW+bys3jKHc="}},"bM8ibTF6CHCiql7YXBji6rFUUigLw7gKyhndz1pYPIQ=":{"valueMac":{"type":"Buffer","data":"iVsbinlvLEJwShzbjKjs2u/ZZXKDF8PirnuKvTsh5BQ="}},"bRr014VRiVzjJoeZFQco3vwpqYzCxISpK7fZWSvyeu4=":{"valueMac":{"type":"Buffer","data":"T178xku9mVDYkuO31zeu1MB/2LM8o+D3QRU2siT+1j4="}},"bZpb60tvq0BRfsxqDZUtg7t85o+68WoNDmhFfnXyRKg=":{"valueMac":{"type":"Buffer","data":"xdbVmGAG8J196xtsRxnB4Yoe8fcUmi7fCfDD69A07Qg="}},"bj0FSD4VNHxY5gJdcnPqJXqm8KzVMOOT5IwJvASPgSU=":{"valueMac":{"type":"Buffer","data":"Xax/qjxa2ztgYlf42ZQ/FFXcbsbZCvr1GhAnkEjh+U0="}},"btuo2YBPqQO9jds6ThnD37Rrxx76SRhkXKkSg5uu9Eo=":{"valueMac":{"type":"Buffer","data":"ktiK36I2c8jSDIs82U5w6no6RIfyeKm75Jqua8oK9M4="}},"bvFCZCDHEWtJrnsV/eY+8xtsFIh+oKdFcgzZCgHgF2M=":{"valueMac":{"type":"Buffer","data":"NXB4ix/yky4rGD3T41RMyBW+JaScZ5bVo5/a9hNul0c="}},"bvN0+rCxY4T5p8aDBi/hOkPbgJnwrzPC/qxOS9T1QmY=":{"valueMac":{"type":"Buffer","data":"B7+3v4rXsj+yT/A0XXjAQvjO7sP4+E/Q29X5OnvkUug="}},"b7o5kGIKLrKrYEoLSEpekAvjXLnn1xGY8m0z1qk7UQk=":{"valueMac":{"type":"Buffer","data":"MggLiv92Kl2yg/LSY/7EW/NutCHf1dyX8LclEuaoHio="}},"b9giGrCTHPRXbvSeji74t8kH+192HxBZ+3LdRsveW+A=":{"valueMac":{"type":"Buffer","data":"H5lc9VMzRwiPIKKyGnJKv8rFZg3/ry7Y7XBu43p1G48="}},"cKgGdL4gDyWimW0R+ayk8om7mz8YNiobNSV6onmiLx0=":{"valueMac":{"type":"Buffer","data":"dClA6BJPUaH2qqUdsqvj93m0NctMrL7zzizrDVPHrj8="}},"clCHS8LwSTOxJURDSYNfS14D7oJg9WY8TY2AAjl5+xI=":{"valueMac":{"type":"Buffer","data":"ZxZNATbJ/oFPF1pQxUT30AfCa+sPBnKoe3YTDLI3vgU="}},"cuN9DoILC7GgIJJahyUe4GhErnCw7ajyud9kxSvgwE8=":{"valueMac":{"type":"Buffer","data":"zj1MiypU28ovmVz1I5eJvbZEhSOSqvLup/G3JgUWxYM="}},"cvRzqC0gX8vpO04dUkfgz5HezhdTt+uPG0AkCbfxZYM=":{"valueMac":{"type":"Buffer","data":"VoJrnxQPazY3ENhWpTKLtEIqJiN7PIEKahYHZ0fFDIM="}},"dIKa42I69qVA8clqp6cY6SGNln05NsV/NrWpwPcgKb0=":{"valueMac":{"type":"Buffer","data":"5pvK4sE+5r7Pn+6LBvj4Ag6G2qwa16wh+FEr+9BDjxs="}},"dPAk2F+d7Sb+e9vkjY3dpm7W6FAaEezSJujK7IYxWe4=":{"valueMac":{"type":"Buffer","data":"PM3gjluGuv72QpRZMSNmp5cLzBIwDQzfI2bkSvN6yVo="}},"dRlcJzJfAPyj+/p34R08yOPqx2PWX/awf2qq05Eb80U=":{"valueMac":{"type":"Buffer","data":"6NhIwH7rtAp05k9jCwyYURnauGnN+hhM0DvWK5FMwPc="}},"dSF6f6eqItI2OBz1eGgSlySklhd6acslMgCOeNSdP4I=":{"valueMac":{"type":"Buffer","data":"Fr1PPJQ9Bf0gxskIQOrZWkvddA5pvX190HzHBVB5sWI="}},"dZ+R/EgVW5MleQdp399B9eSIyI+5jUtpvDvNQDNIEjw=":{"valueMac":{"type":"Buffer","data":"KnjxGjwt/IZE7YEn5xki//e8+kLYFz46Ez6yHpneENE="}},"dhjFn+t4khZ6v7t25ed6RYS/Fihpud28E9No5kYo0s0=":{"valueMac":{"type":"Buffer","data":"VKJ0qJv/VDFq6tQGbLEHyDAlOP63uVitQyP/bpHudfA="}},"diTKefMsHrjkMgflIh1YjwsNjcmECr2GtQBEAn0CHvs=":{"valueMac":{"type":"Buffer","data":"W4cDtj8HTVwKqHdGCUxf0eKBoJLtipu8lfkAqvJCI5Y="}},"dmgqGlKus3J4Wc8M4z8PM1fTrXPt/rAe7w/cufoLBto=":{"valueMac":{"type":"Buffer","data":"9Wwr1PJqrB+q4vqNy9Im/Frf28t+PPuKEMdOlwUHb+g="}},"dseYgtpSLrKkh9IvE1Ehh8NOxNhfxdU1kphK/j5H/pA=":{"valueMac":{"type":"Buffer","data":"TvZBGoly9HrUa7Jsy3IXxiuGP4EurWHq5Q8yQnARzWk="}},"dvQmvHc2W8GDWgsFlreULRHAM0DN9f92faeUOk8LWxM=":{"valueMac":{"type":"Buffer","data":"ZMb0SUOrMzl4McO5zo6DhFIOUwRsSWRw1tnqXdNmcDk="}},"d6XpGFpY0pG88bODW+Stwij3uNWuFp19CudBVKAk6RI=":{"valueMac":{"type":"Buffer","data":"E0goY8LVP/o2CNhOkmWlV1GQuxwiTiFLWBhtn/NcFI4="}},"eAeTF/+IKu1dbl0WiWER5Rava7morQ4Vf4htlrroUoA=":{"valueMac":{"type":"Buffer","data":"cWlLbd7ws08quUV4AkqnNgSRB5efbU6fu9A+6d215aM="}},"eHYY3QxDRtFUzxNR2+99VBiVEICJHPsH7QGiAm79a4o=":{"valueMac":{"type":"Buffer","data":"MuPj55pDPXr2K+/wWIXXe6cNkNUVzeMouty5hpCg/iI="}},"eWcydUxg5ipwX/85d40JwePFW+c4gEdZzlcukoxFx0A=":{"valueMac":{"type":"Buffer","data":"J2eUpQkhgtL7j2D6hgz74hq9bJKjnGxX/J6QZ5BKBcE="}},"eeiJtCWQA5BoGT6jOTVNtjvNTnCjkJg8LceiUXEu/m4=":{"valueMac":{"type":"Buffer","data":"lIswizKCL6JRbTPorKWpjqxMVPyUiFVm0M6k5uAgevI="}},"egg52JHa8/L2k7CXOSrfedbaHxs5xNBuMMITVQIso40=":{"valueMac":{"type":"Buffer","data":"oneISmVO/0x0TmMTugeM4yedKxiodQK3zlo6nFeXNi4="}},"en0uOHYxqnu3OLMcp5K1jNykMM3Zz6Yo48WXEPN4v0A=":{"valueMac":{"type":"Buffer","data":"OYK3e66Nup6g9mnJ90g4ANUkdBWHuC+RbmwFeyLNRy8="}},"es4eCd9MnxIMKAwwOxSU3u07A+YGDR6Tquw2hm+lljE=":{"valueMac":{"type":"Buffer","data":"wO3X8rGioFZZAnwQQY2ii14IcAAzO5n5Vg7xh7QNZpM="}},"fH72NzXxrC5N4JMUIEwkgySt98G3SSnQ8qGk9eQy2aE=":{"valueMac":{"type":"Buffer","data":"j8CV2WRGlXAWLahXpmhOb2FEWndQlIIEkEDHSsnJDLM="}},"fid9AJmKfRViNqlmBA4C6d9MDDiPllmpFLoElQEa9YI=":{"valueMac":{"type":"Buffer","data":"hLNWEysr8byuezy9sT6Z+IVtZECppedR0jcd9LUSR3k="}},"folorkN4jhSkMxKpUTtGuv2nfQ32QODShDZ9F7kS6p0=":{"valueMac":{"type":"Buffer","data":"SMHHKHImVRJz7/zZuE0VaUcnURE3s5ER+hTZB7co3R8="}},"ftwWiHWUmMEbPtI+4mz0aCscKnLdfYhbftQt/1BUX0g=":{"valueMac":{"type":"Buffer","data":"r7kYnaUUoYBpFwpNC0mn+Wmv1zVvZVfF438dC4aUxck="}},"f+cwnqgcydxPYwULvtpQQMhO0zr+XuSwwKJIgxjeKf4=":{"valueMac":{"type":"Buffer","data":"Eg4vWGNEzORbVKeixKHJXt+RlLE2/13xCz/mlDsqDWo="}},"gEnTzWMtqNQWyvb7UdCDbQkL7+82lsVPGtZJU1hHxuQ=":{"valueMac":{"type":"Buffer","data":"K5gjPTZ40+84EYGM16ls3gNB//UfqyS5CLj5viA+FxE="}},"gLxyA1A8rk1ljBQnC+suPlRgJOeL8p4v0chVj+Ud3a0=":{"valueMac":{"type":"Buffer","data":"yNkPe8HeKfw7iUFEHQyXe/PXdqZ/q78JSh1vXW96BVA="}},"gQaIR+WHeFgha6K/IOjfdOzMY6nlUObKIwJa99DWD8s=":{"valueMac":{"type":"Buffer","data":"JQvtUeHz6XN3rCJWmM6KWPT8/IacwI7VR1SFKZNjVVw="}},"gRFyU6kITraS1N/DbV6ruRFK7IPmAiNOnErX9JBZFyY=":{"valueMac":{"type":"Buffer","data":"UGoZQdv4vU5xmQQJEgTrqltIbOjONGbuWiKCDti/otg="}},"gYQ0+ZUeVOwY4FP7jinr6VWyq2HRqg5gegPV7BqHRKg=":{"valueMac":{"type":"Buffer","data":"IGPy3LaPUBJacBVIzEABxSNabXbZtW9Uuu9wY78917c="}},"gbegM+pbPMBhRtjZnqsdCrRfesoOtlGAuHW+s1rcdm4=":{"valueMac":{"type":"Buffer","data":"1eQsW7T5IvfKzb70GwL56dS2VUukH9UJ4zcYJD4/iK8="}},"gjW0YBjMbR5aQXreMxRz7gjK8jy7SJu9NEZ9oODn0v0=":{"valueMac":{"type":"Buffer","data":"RIqBsBLofSJm2vsoYeOgq9wOQAssS9L/D+5A8QGhXiw="}},"guqX88SDiGYihd6DDKNYzwybgVuK8AV3Xjt1RjlE52c=":{"valueMac":{"type":"Buffer","data":"Cphrm3U9sDBC6lMiRP4Wd72FIUtEyGbb+11mdCfGUCw="}},"g4ATAQauhFqZSrslC8TVOmFGvr8w2fNp2lUQc0smT3c=":{"valueMac":{"type":"Buffer","data":"j8meLWv/d7xulPPk8nPVqDwaAwQkzk9HxO3J7bP1PSM="}},"hERM320/4OFSy4VpB3hCWoBLNCTAd+ZIPqPZ3sl3scU=":{"valueMac":{"type":"Buffer","data":"P0hBEfik6lThp1XZaRe+atIVeXMdu5+S4dlph8P+PvA="}},"hIGQURfnnZZidKKjFyPyF1ELzFYslMzQjjiw9vpoMFM=":{"valueMac":{"type":"Buffer","data":"iyTA75hu1UebxVlafeRNb3ceyVxPONIme9EDRjMYqyQ="}},"hfdHlQjFQEaXNiSNhA8TJ5acXTKV1ddGcYXh4h73cXg=":{"valueMac":{"type":"Buffer","data":"CMSxx4C34I9qO/mAZ4FqfP7jqi741YbaeDDwZW0S12A="}},"htZtDaGocZ64sqVPNRPQYwLcQ1YRV8frcjlP3D8e81M=":{"valueMac":{"type":"Buffer","data":"dnevqguk/IrM0scLlqm3aLP49iOiTJbbnQms8M6biv4="}},"iCVHFqkR4o+To6ZUgppnCHsBifCmnwMe4HJ1Itnm148=":{"valueMac":{"type":"Buffer","data":"nNecWMZeReVsZk6DcOukLITPoqnkwYae9maRlhOa28U="}},"iLmEW/Dky8gQ0/o0wCfhm6ffHlW4VL8lzeTqZAIDn7M=":{"valueMac":{"type":"Buffer","data":"NfqWGpBRrmOPvKYxV2nPIqnfFLLQ17C7qUhwVkOsQ9I="}},"iMie5t8AQA0ANCjLT3lT6wWdyKLzSz/ih8W9/daN5Yg=":{"valueMac":{"type":"Buffer","data":"rcXrMmdzmg+sBSTgASIfVqqK09r7AQOKnirrHRVbtk8="}},"ifEEotwzx7Yvt1mQWfvGNNOJGJWdG6/3wue/nYxLc7E=":{"valueMac":{"type":"Buffer","data":"dTM0IVfSxeWepnIi+OUQWQyjE7j2zU41VeBhvWVMWU4="}},"ij/k3yYRknr053W8DCpJlpva7u2+pTVeZR1nlYX8Fr8=":{"valueMac":{"type":"Buffer","data":"b3PrNkZRVKb+pVGWWTEjqmAKPkeUfCE453HUQfk3Iks="}},"iydjiGrj6ehaVlrhvoeWghNUgMBNOXxUYqhvs8XNunc=":{"valueMac":{"type":"Buffer","data":"Hs8XR506184o2wZikElIxZrTkDHKAwRDpFsdqwrtxRM="}},"i8pJ+lmvYB1QhndLTPExJfIGSP3p3LHbtSq6i4mmRiM=":{"valueMac":{"type":"Buffer","data":"2cjs5OY5i23VdbyTSmyPXDsiIfl7QAtIL6fjfx0Kupw="}},"i9RGVgP6mYsu/kV89OFl0zlvB3iONN3OG91aHNE4a3Q=":{"valueMac":{"type":"Buffer","data":"eBKegcMzNbkwSdbWRgy4O/Oxe4Po7qfUA4zO3W8boEk="}},"jJgZHB0p5fiJp0drnbCzNHQTX0YFPZIz6hNwcthRmNA=":{"valueMac":{"type":"Buffer","data":"7YCXKpsdGA5euchSZ9bSjV4Tp0RN+jOhkzUeqdmOidk="}},"jM6mk45XXoZFOOSk46uuc5tooVGH4fDtIMTFx6Pues0=":{"valueMac":{"type":"Buffer","data":"GZrK2V49rcVyvqL73y9SM4gkMZXzAnEUsCWxg0A9iqU="}},"jOOT4m78A+ABrDdInT7jPsHyc5tFZ2OvKvU24lFeu1E=":{"valueMac":{"type":"Buffer","data":"FxC6A0bMtxIxUB/qQKh8BnZj/z2NqOOVnWgonKjNayM="}},"jU3Y0c5OJv/BCxwzQscgb+VA92Zu0tGfgjiXt67V+SM=":{"valueMac":{"type":"Buffer","data":"dpaozi2YW4NjiazjDO5+sa47Gm5cUI3TnYxluRunao0="}},"jftUwX/htO9ePeajOfNWvvrojsXxBM0Y3dckNpIDU84=":{"valueMac":{"type":"Buffer","data":"sElGKI4njN10tuowXsdlP31+YJGCfAVeOUAsNjB69ks="}},"jjhqrVjWPVRGYQT4Jk/IzdPNLvvWDsgfXWxLBYLN0NE=":{"valueMac":{"type":"Buffer","data":"DyfRWa0ZScRPgZh/iMY2p1qwZrrnh7BRB8dI7ZJM3Ao="}},"jnjdzvPyBIqu6Y/s7Rq4iwy6UG2pryF/Flsls2t9/Eg=":{"valueMac":{"type":"Buffer","data":"HlS6KBVRoUKa++oQVym7ROkSuys2zzm3V+eQFBB2Usk="}},"jtu2MgI5znR/wvcjQP8zDdVObjOHJ5EqxJy7knJR42g=":{"valueMac":{"type":"Buffer","data":"D8bQR4QzGa5wC1VxmkJIi/vJBtsi736OR3ApzDvLTis="}},"jv/GN4O4qErtn+Tqnpv0WGdKCKSfXJE7IpGwTh2rYIM=":{"valueMac":{"type":"Buffer","data":"B43qqHru8dsiV3pxsxRbE+SfgQUlMFVdGvR6WnbEcmA="}},"j0GnFQaNdfuyfmiaYzZAu4wjhaF6KVEwkyg9vJSihd4=":{"valueMac":{"type":"Buffer","data":"pBenmWRMA+wmWIYIuA2NPq28RcXr1F+mVM23ii95E0I="}},"j+aV+coDxAjsS+BKL7qeMciCB0Vc3gEsaMh2UXYnP6o=":{"valueMac":{"type":"Buffer","data":"OA7OW/bMsFCRyE7UzE9ujSIU+UyZiPFR09frD/zSZ/s="}},"kXUEGFqhxiECNT+Er0StXXQp4+Go7FKD/sTik4HEbTw=":{"valueMac":{"type":"Buffer","data":"ypgke8xmMULkzPjyOS1ipLBo0DMlLhUQcT2Os4p2aWU="}},"kZ5SG9Tb7DnN9oibbQ4R5IQiY3qEh3HKvgwzAqFIWkc=":{"valueMac":{"type":"Buffer","data":"44ZoR/edgWrsGkETgDUTFAnxKeQ30pp2sxWNY47joB8="}},"kh7C2E8N6Vhk6vT17/Fhk3RCVj/ISwtSm2Kw26rLdBU=":{"valueMac":{"type":"Buffer","data":"LKUOrpUsxEtcunO/xiD5A6kx+nF9IjIaGPuAkr+jN50="}},"kiW099V8ZYB7lpWwXtVzO7T/iD/lnG6mFoRJvvirMa8=":{"valueMac":{"type":"Buffer","data":"yOfTVPkHI9ktRZmPcHm7GxdigxcexEaEbz/dSvUxTDU="}},"ksVYMwR7t+sGib+ZJaVWFQssBPzKMq7KbiFy7ldKacA=":{"valueMac":{"type":"Buffer","data":"eHe6bYpcZlOhvn9XNiDkoKFdNADXiTih6G1Efzd/OYI="}},"k2TukE/rrj7+pvCfdNkuTlLf8OV4NWMpgNxVP3pXI8g=":{"valueMac":{"type":"Buffer","data":"MdRzlLXPJx3uDsr43WQRqj9V1KMRzEADTwZG6U03GRM="}},"k5tIrJHoFq1EBo+M7tJXM7/fqHzJWroE34AqNLJl0mM=":{"valueMac":{"type":"Buffer","data":"nnwuZvnaMJOkCAANRPFPVB0LzqGGJuMwV7lhZbIte74="}},"lIpuXNBtdlifRkVPNkZm3Y1PITaZwIg3QN27xvmq/Os=":{"valueMac":{"type":"Buffer","data":"rfkEEK0u/zVi0m9zzJWSC8ccwUfLAah38B+rfYyY6J4="}},"lUqDVLu0NpTV5rU8RyYG22N98HVB0mEkZNSq6+oid7A=":{"valueMac":{"type":"Buffer","data":"u1hfmZ8EbZxX3dkeg+yXZhqc00FJbLiXjoDTw0HEVXA="}},"lc0okmXKpRTZ+1pruHr47dQw9V6aS2M0MwIbMJNzEpM=":{"valueMac":{"type":"Buffer","data":"IZJbBJXftenlhOEr/z4p3XA6X8RtLqzTzIoOcpMDRD8="}},"llLw+SPIqb56RVQphoPB1jIXS54PoB1xUtAqCr6bEF0=":{"valueMac":{"type":"Buffer","data":"c59HHmrP2GN3U+Y46o1gyyP4Uu2O//bywSMOXxTJWGE="}},"lvSGe9BhnJ1AhmcXOA0B4oJF5omT62Neel4QIji1tfE=":{"valueMac":{"type":"Buffer","data":"xHhAN/6RSXKtaRvPDkT1neWxTJq/Ir8HXQt1ajL1MDE="}},"l3/ZRnyiv/aPMi2b9o0EZvUYcyt/unqtUm8P5KxEv94=":{"valueMac":{"type":"Buffer","data":"ZL2GmSUyMJMKwKNZZApOKIfoOU5ZRjBBuBcBFzD9fH8="}},"mCzEqPkCNLSFGPt6crsB4WAMWShv/s+KK8Fjb+IMHfQ=":{"valueMac":{"type":"Buffer","data":"wNYj+cEkSlbxO+hl7vDaav04ss/nTwolnI+ZgbJMy2c="}},"mRJkiJ/1aWK6I9O7bfLRCqRNeM5BPqumUTRzZiE3xYU=":{"valueMac":{"type":"Buffer","data":"WqvcorNz7vUzIfg7f63Ehm2lXRLe2Zhu4poE8DNjeqI="}},"ma8TyRnCkO/8If9hypx5IUM8Es44IIjJXWfvTg25Ibc=":{"valueMac":{"type":"Buffer","data":"QYmLToxRUFizwFrd5oJ3B27R3xUdBx/uPlc9Q11Pm98="}},"mikwrtDvCW4j02m9LOdWXbImVKZYEFEbmcM3QjXMvqE=":{"valueMac":{"type":"Buffer","data":"TQNHaociBsdKLW0ECRDmuGmnSgGcVOcV+WDG31owi/s="}},"m/4G3v8cN0Rp4Mbn6D26AnYSEH2rQjqn+P8lO7VHyRs=":{"valueMac":{"type":"Buffer","data":"9V43J7xWXjTr6C1aNP5DLLdGz/CmWU2S74VBCT1a4e4="}},"nPYBX50mrp2CgrRhNXsQq6spXOI8ba1GpZGN1m/vfZw=":{"valueMac":{"type":"Buffer","data":"aQd8LYFhTYunbrUrsVKp5zAA0Gn3PI9ennuLJ4BWHOY="}},"ncVDkljGVY/UGTNT2poXcOd/0zdckaNNrNUeSAHvlC4=":{"valueMac":{"type":"Buffer","data":"7spQCP8bore+Zx+v+sH0qRmmuDI2BhPX7SX8/kjpnbo="}},"nh1xWmuc1CJzjt2hLRIilk92Xne9RXbNAc7sqprujQ4=":{"valueMac":{"type":"Buffer","data":"Ayf63dHjFkFn8QuZc4woNEoWhg9hygzfNdbx05YrhNo="}},"nmA1R2HjJpnpfRWFXrXFwxuWeks7kM7Av7KS3j6aO+w=":{"valueMac":{"type":"Buffer","data":"uzTghQoq0OUinA+IqmT9XemkUOkpjJw5kAb1M3BzrR8="}},"nz8na71OCeXX4Hox/n+WjbZb8V7HwzcY6F7ccREwsOk=":{"valueMac":{"type":"Buffer","data":"w0senvKwZd5qd9F7/kY+2Q7r8wsbUUmwGrmSsZjvYas="}},"n+GGsSlar2HhoislwLOa3F+hMxEFSzbplHjzxx3kA0A=":{"valueMac":{"type":"Buffer","data":"hCC0SujuzbG8u7hLivEqhRW3yq1PBYlb4Ddg8O0mwhs="}},"oG/TbjJwaonci/VT8TArAqO1NPlGDFSFYoXk7ALF13g=":{"valueMac":{"type":"Buffer","data":"i5cK+9UpY4Qi26R7hykAydVNpBOPB32Eb/YMpNgifaA="}},"oaowIB+fUoRcwusKj9UvmFbK9avlgrwc6AOzOmjJ1dA=":{"valueMac":{"type":"Buffer","data":"8UDzyBsU5Ivyv1CsxxSfPtBTkrSjXv3kf3J2nai7noc="}},"obRzWiwONiP8fsZlaR3rqdJkatZfY7X8i2QbdILTPU8=":{"valueMac":{"type":"Buffer","data":"YAj8YrhcuVa2g7tER/qMGQWDdShq+XbIsVY5HN2BmFg="}},"ogKkildXt1bw1DIpWcGhNBzXMLoMd+TMLX11S2ZmnAg=":{"valueMac":{"type":"Buffer","data":"X2BYGtoETwBEpcns9x47CV2T0DLTPNSQ4ZretKolbjw="}},"omuvTFp5oY0hEUXJJmECIn3gLJ6Q9BYDcIy6NO2tZ3o=":{"valueMac":{"type":"Buffer","data":"l5TbZOpk8DzRz4n+PErCP+xZL0wIbAXZCKWSmU7f5yw="}},"o2At8pSoN5u2E7/iY7ur1AsVRNf0zaBWhvMVMse9izY=":{"valueMac":{"type":"Buffer","data":"zE4w1FOiin1SjWPafj6f1AGje8TjOHjEyft0FbMltmo="}},"o75d+3U9Zhqj+uh7NYWiSzbuz/534cDd/r7sA6xjxdQ=":{"valueMac":{"type":"Buffer","data":"IGfX6hpPuzwn7pjblofQEd57r0hheV4TramGCr2PwOA="}},"o+AesxUB6btnVVpHr7iWC0KN3YCUtMnXfF0Wjw/xePU=":{"valueMac":{"type":"Buffer","data":"ONvBlMwVaYqa8pIkslhqGvSGjXTn62TdpYJRZwJzcLM="}},"pA9rM25AX6rTZB7OY4KcEM7RF6L26k8jJisQxHghjCY=":{"valueMac":{"type":"Buffer","data":"n+Zkq0qEKjQwKGTxqImfgcOPJUSbY5xh3AurdBRFDSo="}},"pBMJASdaloP6iexnBPCx8LGUtDIna01OG1B0RwMq9HE=":{"valueMac":{"type":"Buffer","data":"L7719t1HE0FvMP6LOi83fm0zqzhY/oTais9S5qpW9Z0="}},"pFg99HG39rbGxMlGlChQLmrw4R8efJikVT9wMgeQ0n8=":{"valueMac":{"type":"Buffer","data":"iYqj5CDpRfOYUV/k5rk/ltdoW3gI/GMIvo5gQWR3OqY="}},"pNy+hfWnkLJP3dYYm8i7987AlxcCes1V7J4t2XuyEeQ=":{"valueMac":{"type":"Buffer","data":"elZcNafuvjUfpL8zq1gcap9JDhm02KtkEiR4PSiyu7M="}},"pTZSwUwEw2O3LjmAjZI253UhtGUIosGL9/8FbiFILbc=":{"valueMac":{"type":"Buffer","data":"waGrjQ7FDPwdHkAXxjJP2oBERNKzFBnXtd7r7XADcvA="}},"pfE8FANs5rWic0/zE9wevpfex2oPN10SuIY5B5onUUA=":{"valueMac":{"type":"Buffer","data":"ZFw2Npv07gx5BUdZEuFG6HrBVwmuLh4pI+5oODGFJO8="}},"pi/5LowbxQqpy9DYoVuO5olxaq1ko0c/w0BP152fFzg=":{"valueMac":{"type":"Buffer","data":"8Jyr4N3nBTFPylXURiyzoVfl+eerE6UxtAIXDKbAcPM="}},"pjM8VGADo0y7A5QtTxIS2lblAkgwn0BoBc0REwL8gKE=":{"valueMac":{"type":"Buffer","data":"g0elTi5slpQSb/Oa9oKn+uQExzjOYyv75sYMIuBN650="}},"poBOlX67+NCyfsxN3Ngq8UmXA8e6ckcK9tQiI/iyERs=":{"valueMac":{"type":"Buffer","data":"nM7z3vfjTKje1ZlI3oHA239s99SpmDOy72zGZ8bFutU="}},"pua0vJL2brThG4XUhT1rsfRWalV3L+6cax6oLgGnKJI=":{"valueMac":{"type":"Buffer","data":"CZUpf3slbUET3kh+sqF5JAcc74OrMAYVtHxAEVK71Ss="}},"qL8cJHO3E7g4M8oorZ0W3abC9fK6AQarwigkYzR36Nc=":{"valueMac":{"type":"Buffer","data":"rTA3rG2BFuOXsHtzzBCp23dzKnbmG5yE4M8MJxylsvo="}},"qPcoe91l5Z5hC2zQgr5R6RElbu+qijhbI00FbleVaNs=":{"valueMac":{"type":"Buffer","data":"hl0t4u77qNejIvycL7/+l5Ct3TSMtTWIrUcawknsAFY="}},"qWRCYYbxd09BW9EEV7pY0LPBdLKppjz+q50mcphlxaA=":{"valueMac":{"type":"Buffer","data":"mH5SG4iQSkzJtYUsO3sDgNaGpkGcrOWd4RTV9DJOltM="}},"qf7ly7U8y6kyRwVNaiIi+8YSgVRmRBnLXd84sLkA0R8=":{"valueMac":{"type":"Buffer","data":"xF6iYdVgrSku6uiyzXIqc+mYrxgrSVSF2MUfcgsCV3g="}},"qmO0giw1NuFOKNM4V5vge1HeQx6b5+Bxd43d5XxcEoI=":{"valueMac":{"type":"Buffer","data":"Y+XYoR4M6npEs9JMRp2Zv71gUvPudto5+sKKBoepZ/w="}},"qtTGbzMp21VuP2WfFMHSbAsZKQ159+0M8ORE8OBYKRM=":{"valueMac":{"type":"Buffer","data":"h5oU+MlY4LT1y+QOf1ZUfDfmtHsc+y/5wpiT2mNIH6I="}},"qyAk4E/5ONQc4B5C0D2+fi0qNa+Bmf0ud1h5R/0x+aY=":{"valueMac":{"type":"Buffer","data":"pkKJ1qfVB5ttSMTVNbA2qwL4ztjekrwx1bp+fmwdMM8="}},"q4D0vzOs8BCIonib90kNo86UDNtw/uyp4MI5RPDFvvo=":{"valueMac":{"type":"Buffer","data":"YT9CZbv8KETY1/1CkLbeDaZWKWrxBgRShk7o0dng288="}},"q6XsaJMPMm0XgefQ1rcolOQxPmaObSXmvF0CYj3y/uU=":{"valueMac":{"type":"Buffer","data":"Czoe2H/2DJLUTrPKx1wDjF2wv3W7X46wody1u6FGhUc="}},"rD98y1g5q2VL9j9hxVrIAtK5AFZ3Q3CxiynxoJuqIcI=":{"valueMac":{"type":"Buffer","data":"WGFzPsWpbsFKQ6qRX2K9GdvsszYuW2AOlz2JcLPNn+Q="}},"rEhjcUGemavs7EaF2b8nvIzjhg5c6AasAurHhj+p0VE=":{"valueMac":{"type":"Buffer","data":"hkykA4iEpiVk2yDSopw6Nl0BK7YFrNuTwn15CXK70WQ="}},"rLpqy+nKHM1A1E/Jn6nwfJANB8z3bIB+MADsVt4G88M=":{"valueMac":{"type":"Buffer","data":"jtSJZrO7NYOG9613W5Em5PnuRnULDcIZGTgNFJQXnDU="}},"rRdZKIb64oY7DSp9SqDiZYG3C9ijvdF/bZBeLedwLrU=":{"valueMac":{"type":"Buffer","data":"Cdar5SYZkTIckVTX4fQfvmSa9NyTPg52xwBlC4bmWbY="}},"rU3D3+AP51HeqTAMs6ZiRFwrAIcFj5h92aGmg5PsRHE=":{"valueMac":{"type":"Buffer","data":"MHb5r5VvPb/IW6aYXzSUxdqSWZ2TbeYUfMnO5KzsxKw="}},"rV8UqmaeEU9VWf1AU8koigWlBlnQAnl+1rA1DFr7nw8=":{"valueMac":{"type":"Buffer","data":"4/Zlmi/ybAGRbq6rP1+hu8sovSNPGEHr3shKhslL9L4="}},"re+gcH1Y/K+UkwBz5jlxXLPum5nhqv+3RBm9JcvfatI=":{"valueMac":{"type":"Buffer","data":"3OhuCko3d9wrglDvz4Bkn0Ff61tZW2rkaY5USyFuDUk="}},"rlVt5LW8YXb3k6nd25829iGUkIV8ZqPFAb+wD5LppfY=":{"valueMac":{"type":"Buffer","data":"gDtOp2aKRavdaPGDIa8Ut6E1r2abEuZNMuMMOrOYOTs="}},"rpNGHhCw0AeCyOlXG0C/cfest8GMbN+aHtp5teIVj04=":{"valueMac":{"type":"Buffer","data":"knBXaEA/gnWvywj6/tZktjNiS0OQKiRLyjdjoS+xXTM="}},"rqcmdO/KeaKkAFbmjZmnHoEHnPzIEC/UOZd1EJxdBKs=":{"valueMac":{"type":"Buffer","data":"DUkr+lrQOCHAitazsyOsdbiCC7EBcr/IaYioQC9O1eo="}},"rrZ6rAmbipAWIjqEJMe1s9I+Dz7v7ci9qEMYq5QGaDk=":{"valueMac":{"type":"Buffer","data":"lRYSe3Bud+KcPzVpXdFw610/b46uNwRd5u5l6cbPG5o="}},"rs3O6hdwMzU40nelkLYre6/Hh8Lu2PH0q3yKiOPNThY=":{"valueMac":{"type":"Buffer","data":"wJ62eY+5RWtCLQZH7dmGN7ovQgRR8UzlOT6JvflxhDY="}},"rvEQDTzPiMXH5InplFHtjUpZGaFn5FRBnTPA3Qiga2Y=":{"valueMac":{"type":"Buffer","data":"7VWRFoNbeUgPYEu7USqI3bFuKgTbHda/bqvOil4DnQ4="}},"rvMAaoJm/PuQzY92ZyMbDJDdiuSOXKiABxrRUN8IECc=":{"valueMac":{"type":"Buffer","data":"p+WDWhn7ST0Pw3wVzc0iQ/6eGKUmUQ6l8uv6ZfIopf4="}},"r1ouPCTCPhuqgu9vhyV3tEB+97PQwN7MpiqjkfV44tE=":{"valueMac":{"type":"Buffer","data":"gpAjhkEPWrQREUe53aV4VbsvHGeLpxYD2f9EOx8O9Rs="}},"r+edCBNYyZxBDME/qT9XW2TVl+HQiwwlObkkzZ1eQLE=":{"valueMac":{"type":"Buffer","data":"izdjVLDDUxSqgvbBI0zcksoB5PUzSfvSaRzLN5t0Cs8="}},"sCl/5moGBTEHe71V793VKFAEdwNJhUcd7AioiPYqU4k=":{"valueMac":{"type":"Buffer","data":"SnQ90IL5hd5Re+K+EzEsgUKa0KpXZ5ErN9sPkBQJZIo="}},"sI8JrMJxVNvL2zQ8gOwIoD9rZ4tQkZ7VR5oT/5yTppA=":{"valueMac":{"type":"Buffer","data":"OsQWb2ybCzQzrz004nABAHQz/K2Qp2a9D47H92Mw4Po="}},"sQVn2O21b+erwJB61pHthcjEBf62w3ArTZ7WLqhb4Ak=":{"valueMac":{"type":"Buffer","data":"x5H/wdP8xaQF/RBO3ZZARokUDnp36lHffIydhgyQ9NU="}},"sfv+n1tmaWrH8Xmog0TS9jBXLsT3cT+CzKHJ5XH1xck=":{"valueMac":{"type":"Buffer","data":"aa3hkI6EkdDOSA3IqmjogGg+/kd5CGFnjWVHwWlrCBM="}},"sxMwWsUScEj6uhnCKp+7oHCiLfTaGsYi6JHsmS8qm24=":{"valueMac":{"type":"Buffer","data":"/zVYmabKf2mkKVPw/xE0tSuussxX5l7cti9tk+NjMv4="}},"s2d7s8f810EOH0LHpQ4X27wUr0V758TBAq4f69iBYSw=":{"valueMac":{"type":"Buffer","data":"o72ckY0AqUCz7yTnahx9mNlU7Bl4wQvFJayKuaoIDjs="}},"s36i9B8um4sFjAi8kYovLMMOVK7lGa4ov+l4iSbjcUg=":{"valueMac":{"type":"Buffer","data":"+u87JLSAWPZHhCE3eNnDrrS76qzmmnTdbXDEHHnkSzQ="}},"s+cWuVXJxZ25txs9iW8mYjQ42Pw2gEOtvJjtXTRgxko=":{"valueMac":{"type":"Buffer","data":"qa4nO7QI8WqzzTHR7W7o1zaUuB4kaYsof0Dda2D7ES0="}},"tH5kPay71XVKksHHm7hGstBTB/6xrbdfn+12QrPuHeg=":{"valueMac":{"type":"Buffer","data":"YTw/d0ZMIuygmBDXkxyTRRanCnGr2RYQa7ivxjp3fas="}},"tKF1ecgBoT48sSD3c3acQwmdEM05prsezMtWiMS2HzA=":{"valueMac":{"type":"Buffer","data":"hjq/wt196M33GUPBNAiEAqEWNFxKRjm9xEcQtFQ3iDo="}},"tNPc9muUSVM37/A3WTdccaKFXW6JmbqEbSXJgz17Rjg=":{"valueMac":{"type":"Buffer","data":"9v3GggEqI+Mh8e9P0xt770o6IGLAnHsn0PykU/5MnCs="}},"tm8B1XgPf4IZU8m8I0kxuwVXOA/lHOm3REibSz7e3Ow=":{"valueMac":{"type":"Buffer","data":"Mff1faHB7stHA9KCN76jnqbPfSRUHNc4yW9WvwmdoO4="}},"tyzFOf+2CeotNXzzOwGZ5nVCBMIwcQZVj+O2ZZITztk=":{"valueMac":{"type":"Buffer","data":"F3eIysC9ngBPfxuKLkCLdIUdwCFsx24sB9xfOgdXLFw="}},"t2zSTEelxEGcWw6z2ezPGSayBz06++u0kKGDyMe5NVk=":{"valueMac":{"type":"Buffer","data":"Iw9RoS8hSt0Y1iaec7GL1+9/sG/AhEn03l1WxxdvFxQ="}},"t5GFEYzmWBBXwVs+26J92JCfvY0E9AxXE7CupQ5sm3I=":{"valueMac":{"type":"Buffer","data":"jFgApJ1OfgpfD09SCUuiOxPswmt2Gw0K7ST8eg8fVl8="}},"t92IkjwNKS8b2S0PoFGdkLTu2qxqUc13Xa3f9QubxbY=":{"valueMac":{"type":"Buffer","data":"FlzHigF3w4DmnELMtg0sFLJ530xQVueGvJ16T5vOlr8="}},"uAa0YfhE0MGOb/Jx9zPvqHunaN29kOU92fe2M7SVe5c=":{"valueMac":{"type":"Buffer","data":"Bz0og7vYZHVB4utME9FtltXa1WDqZDUIa9XgZQ/M0gA="}},"uHzw0p+6YbhbPhDBf3Mwb+IICpWvujg+1UK7tKQg+6M=":{"valueMac":{"type":"Buffer","data":"z1hkIQ734z68CKfb8QEs5+TBsy9jqUar2Hu/Ne/CF3Y="}},"uJBN6gVTsSkpfMkr91/QY73LrNfQrqLjX/NnjU8TQa4=":{"valueMac":{"type":"Buffer","data":"v59aLXNyk6wN/aWne2ON44LvC3p9jBlQl3b6Bp1DRFg="}},"urVPG0uv0ew98Ime4yGwLGRv4e6yzp+rsYF47e1L4KU=":{"valueMac":{"type":"Buffer","data":"4GWyATpUvojsen08ZxEIoiZPNVonPz8bXSuRoZKgphY="}},"uyNMCR2/HvjzMu9q6BUSk9L80WC6MNhb2tRt1dGK3h0=":{"valueMac":{"type":"Buffer","data":"ACS0WldsoRGA4uWu9Wk+VacgZNwhR1x3E0XSZT2+7UQ="}},"vThOZ+wvQNpv7LF57ho40DI6puwRAYFKAt0XHfKjGHQ=":{"valueMac":{"type":"Buffer","data":"oBmHcK81huKyMo7Yco9d59VXen2dWC2+vl+smeGBjMs="}},"vVUgi1NSoh/v+ToZyWiJFKVh0mE0XTeHAISbwwtenmA=":{"valueMac":{"type":"Buffer","data":"hk1J1+9YwWqs8Mk/qRl3NGb/gxMqM70gI7HtLhGlCGM="}},"vgRH9aeNB60L11q7Y9yp4kPcTESAxgTfzy/oCdcmNSE=":{"valueMac":{"type":"Buffer","data":"PqvW8X0o+NC/IfSzf6PJqgfFnnnxLGNQEzL9VkucRxk="}},"vjrlFdzo5dVfULX4A2OWGdHJ2YOcZjOwx/510DOzpvk=":{"valueMac":{"type":"Buffer","data":"hcRW63VuIiH/p2ARnMvxueKcvdjryuUSxKZk9qiS0QU="}},"vnPbol9Hv4RmsWOeM+B3tIbXjw1fr9Exrpsq34eW5wM=":{"valueMac":{"type":"Buffer","data":"3r0R9B7KmsNQOjgEm0OKsCjHeOrXD+vw+vQ5ma4H3Ss="}},"v3K4RngEn2tsgaMRl/JaMXtCKpKaylwEOLyQt0j7PuA=":{"valueMac":{"type":"Buffer","data":"l9x48pCYKYoJwV3/zJ6w4dwm2X02VhezMTqVlppLeGw="}},"v9Lq7sfoBjrJi/hw/AYOUhIM39kuZStQJP0aUBhNpcQ=":{"valueMac":{"type":"Buffer","data":"GHqYQe75yXeXmdkb9lzV3ZWdWGTj64wtydbSWWplB1M="}},"wAQZip3iz1t+d6iW0V13YA/0zBUX5pmj8CQ+95NGLhI=":{"valueMac":{"type":"Buffer","data":"a+JFezcNjcU81EBmM5X120uZJ73gAAQ9P3Fae7H4Jgw="}},"wMIvTJVWdqpJlxu/ih1pChBC+T6R1F8gV3ECegRTWHM=":{"valueMac":{"type":"Buffer","data":"UL3vyC9nws70qKATtZQ0sMyvpRG+QPw5A7Y8AJFvNCA="}},"wi5bbu/zNEEP3xsJiwevNaqoDVrlSYtnuxDZZdtwruI=":{"valueMac":{"type":"Buffer","data":"fXJnI0qFAiPiPyQnZYarmOwZPZAOSiUjy8TsfPyXQvQ="}},"woSzzpVMs5nK+ZIbcwLfUScysQk6fVvRxRIWM8AP5UI=":{"valueMac":{"type":"Buffer","data":"jfUTOMwuTW926ZXd/nTE/OrZ7y5nNUvQ2kb/OFzBaR8="}},"wobQSeWVX0+74XtencDzky016cxVVq4CFnT6Roz2OEc=":{"valueMac":{"type":"Buffer","data":"hu4ZJrX5uHabrV1wtnLjFSXgNo3eLL461LeyIT3Y8jU="}},"wrpH7LNXFZacKHnGbwO8lZMrZ9uUd5nUtwFeqNZRiR0=":{"valueMac":{"type":"Buffer","data":"QW1CtrE/pXz8TWXab1QVdHtyNWr0g4hBTLC4ZMeHwfg="}},"wubyfM62Vevao86QjoxBT+7pDjze7Ko+c93/rg1r98E=":{"valueMac":{"type":"Buffer","data":"T5yADTWkovb4AYXVnH4xUok5WX/ZhPfy6PXS3k5RA2M="}},"wyz9h4bhd+FYnCXpncl0Xelru2ltwY54pt1871Wl9x0=":{"valueMac":{"type":"Buffer","data":"6Rz1TJQKDiLFNIyce9+D4HKWhFhOK/4vOBGNMkNxda4="}},"w4zO2hmbR83XeTDd5tYh/yXpshoBdlD3RxUtLuaAuOU=":{"valueMac":{"type":"Buffer","data":"LuqS4csfEm+yVs+gHwfyac1DWKV/DYsYHy3iZhWnV60="}},"w46mjMgM1cLL5o6QUOzAm7vtNC4rbWit6mlTreFAC00=":{"valueMac":{"type":"Buffer","data":"Wx0Uu7kMwuJXDrJavpq3lN361kI/mkaLAxQFnXRoDZI="}},"w6rkw/jGtmdGKhdHBqq2rOh1RAHTvalTGyUiR7GK098=":{"valueMac":{"type":"Buffer","data":"8Q7+Vp8oXmBOYHRoIid+HkwHheRBZIkCkhdEoIw+eEU="}},"w7ErJlhl7k+hHMkDifZibb3sgJOpioQ9BhC6AMnffAY=":{"valueMac":{"type":"Buffer","data":"QW5vQb6GEbxSr089H71V2AVyqnuu+303XTCmAvjt2nM="}},"w7bnw1PIdG9LhAp3uAYsTCrwOsbOGcaqMWH3rFv7kDY=":{"valueMac":{"type":"Buffer","data":"KSvGjMG63h+UFDAEoad9yq0EF3xM27FJT7/V3YSO7UQ="}},"xXiADV0+WNW06fJQwnirNH7RkYddqlSwLFpg/1n7hwA=":{"valueMac":{"type":"Buffer","data":"/3SlseGe6YsxxyDG6aFEX1n+aU6zDLOYsuCMWz5fne8="}},"xh3D/9Jt7JAsmuVCC4tBjtlBxYPqo1sJRXHmhQ+sp34=":{"valueMac":{"type":"Buffer","data":"HTmpctUil5P/+nIZnd5DGNEFtwBz/LNd/irtvTJrhho="}},"xnuSHx8iW1j5PpMD+5onC6QN+EdeGF8hyPCgbqtq7NE=":{"valueMac":{"type":"Buffer","data":"WvnKBf2d6qUY00aCDUF6sqTs7VJ1/yqnRc6uOBhOg7A="}},"xuKVGmrk7zLU8X92p0R0gSAtEBJANtkpTCVFY4htlj0=":{"valueMac":{"type":"Buffer","data":"XSc/3JgElShg2MKFqNYRgID7iBKcNMMtXDnyoRZVeP8="}},"xwhdVjxzQGbwliH3jOYrhVQRRhTfjTGg42uwM9c9IQE=":{"valueMac":{"type":"Buffer","data":"KauGFGpsv3mRNp3wRbi8jC61OqxwF7ArGdfet+lT2Kc="}},"xzDdP314vXYLy47BqN7bjPeHw3dlJ2TDlUPfPFbSXoM=":{"valueMac":{"type":"Buffer","data":"gPUJoE111EfacYbBU9JkRtrT6/CnMKMp7m5dqd87Wyg="}},"x1IZOn5cDw+m5Hm12pA3YCJYRf4I5Yi1YAYDiiXA5QU=":{"valueMac":{"type":"Buffer","data":"u5NIKAm2nkOv4okPY2a7qg5q0sedmFA25hzfw0o2qhU="}},"x+xWxOSNvXSFXQBqf8DL7/3u7loIPJUr5Dwf+dLvddU=":{"valueMac":{"type":"Buffer","data":"L5ZLkNhcc3Nq41/x//Xe9F9T8nonMt905+8tiGGjsLk="}},"yCYBWUcSLXBe/RU5xqMtnLTk6eh75LdKEDq5E+J3A1U=":{"valueMac":{"type":"Buffer","data":"afvYYbTjaGRx90+jUTnqpZbT64AxFIM2AqzkobGGVOw="}},"yOs9kY5I6YbIZ7h/XIJ/Pn2JsOF4XJANoSm+slm0OaU=":{"valueMac":{"type":"Buffer","data":"ZJ3fhjj8w2yR2gj5LVJsELJH/zBTLPkBuyDyvnEDxrE="}},"yPZyy0sL1JIsmqNwpWiNjxhuRtzZST9tJl1rTaFUFE0=":{"valueMac":{"type":"Buffer","data":"z3iu2jWbYGNhiMX7lFtIU2g5C+s4Q+eePsRTXmxIsk4="}},"yQPguKIvAd26lTi1FpsoRi4Fv3RUKRzGSNho1/vHOcM=":{"valueMac":{"type":"Buffer","data":"iQXkMyumfMSRPxds58QVpJ5HFwixZabe0Ibh8tY0dOc="}},"yStFsEt9AqYNKnfM6U3OLxCNHxvfqg68jRGScj4uMqE=":{"valueMac":{"type":"Buffer","data":"nrrV7xV2OMf5CUt9H68hJ/Yqz4yFKQv+Wxmfv+9eVYE="}},"yXpHvGDiZw2PvG98t7dEUJGUpkrShfsTXWBpU2L18I8=":{"valueMac":{"type":"Buffer","data":"oVQPo6Zu75g1q/tG641p8OHGBlQEQsX3t5Upy36N1vI="}},"yXwM8RqRkv8vPjfUCqt5ypAxnTpqso/jHKxwHBA//dM=":{"valueMac":{"type":"Buffer","data":"Nz7KOu3m8XmbyEok85Pzto8xvd91jQ/f1TJuCzuIPXU="}},"ybEOuOtJ6thnF/anISB930c3NG1+kTWPMbWnOsorm6c=":{"valueMac":{"type":"Buffer","data":"aZl05ig7f3wxbzHz3Odr0uU252n2X1GArugBHYD35AA="}},"yru1JusU5Mgva0MVJElhqvjBaxl8j1iB5KtNWxior4o=":{"valueMac":{"type":"Buffer","data":"A2gXwczVVRV9G/rVdhIZTXLfNdQmAW1QzKrCQ0+bNi0="}},"y8Zxf7O33vtwQN4oSuA4kNO8015AT3nZScuhkJdNDig=":{"valueMac":{"type":"Buffer","data":"n+NtdSkSJKBSdGB0DxHu1QkmXVYNvPjbR4PCNKRHpgI="}},"y+iuw2eeMaPUDTyd7TPuYkSPKw7PwMTCZGbMq3gUKlg=":{"valueMac":{"type":"Buffer","data":"PnInnRCxiXNttTn2foJQC+F/tjwKMaOb4dDGENLSyMw="}},"zED8ismg+GuenC7t/YaIkg+6p4pgT6fEmUxO8a47nkU=":{"valueMac":{"type":"Buffer","data":"RLnYMwczum5wOKsq2r4RTVZsGZ+4uGeykjSwlkKoK7c="}},"zMFA1qGNLmTJL53Da+nz75o98fA9IBoNYuan1pjwLx8=":{"valueMac":{"type":"Buffer","data":"GY2bbm2d7tUpFF1QmAca73pl8miAKMmuoBrdMPBYf1g="}},"zO0Z+kLSmg9T+3UlF7+ONa9AhRC4nAw590vRQe7FfLE=":{"valueMac":{"type":"Buffer","data":"kf3kUHWZ+IrgPr4jBFngHg5YFFQAZJuu/iMWvR+OWY8="}},"zYERFP2PSPlYtWWfAtmSQK0+1fXAEjNJGDZIV1kX4bM=":{"valueMac":{"type":"Buffer","data":"2IvphLwtOZsxEhu/9buoSTgA5zerPV1k6ufIeECZ/go="}},"zl/7G89g8ELJr8tHxwrdSPmcvYbvCzmRdMFVQ5JUrjs=":{"valueMac":{"type":"Buffer","data":"klxCHESWxCx+jaknRu9PGE4WbFc8uZKUjCMu9rQHVjA="}},"zoouTU42aseiiBBw1OnHgaRH9DxVxfL8UNfiinpIzfo=":{"valueMac":{"type":"Buffer","data":"wwMX8XJpLEpKTqYWov9CTN8M0djCE6YOTKAiXiwvg5Q="}},"z4r14fQ0rKnur5+EH0VvV8LylzCJnkG/JMkb1mET3kg=":{"valueMac":{"type":"Buffer","data":"8yedsZiuW1VXCOGQ0h3JVK4HSkzgPM5yMtwjVf8E3Qk="}},"z5pMCcIksv6vZkLqdLZJH16y+OpDzBMt+WiJVxKEFBM=":{"valueMac":{"type":"Buffer","data":"y4U7EUB34R4qCUFsVuwbURSnIknzUI1UOsREq7ZMQxI="}},"0NLx/ICUf3FtbyhOGRLxM1zK4K2knw3ca7qELcdHuNI=":{"valueMac":{"type":"Buffer","data":"2OZg4tPDp84DuiZ31ovrk+4QyB/tAnQPglIIasvv2yw="}},"0NXxfeMzZhfpQl+zVj0Bzx9pwK5rBjM0mAFKQ8QIL4w=":{"valueMac":{"type":"Buffer","data":"Twko10kZG70T1r0E3LhlLrc761CZycz65hiy1TpdCPw="}},"0etVYVQBLD8qojmIFnp4EONuHgkq/c3Tdq1ZFfeapU8=":{"valueMac":{"type":"Buffer","data":"4RFQ2HtWhXRwuGey+tAbmGHoxRgoopHTzu5RP/Nv0is="}},"0y0/Hn8GjC6t9eKwrvehcDS4oe0U5l7cbccrORuPUmU=":{"valueMac":{"type":"Buffer","data":"VHIktZSJ07NDWsTmAu3/sfjnSJutzGVWOzwYldZLr6E="}},"05CQnb+cWyOVZPgWQzqWc2v8qWuiNgJ0UjEE+krt5AA=":{"valueMac":{"type":"Buffer","data":"bKnNplCwK9mIeXvwTNn0IMWcmIbMOcE+XFrrXPIIM7g="}},"1HYVIfedpYgG5woJWe5DOq+BHmTgv7fPN4KfYvNLxBY=":{"valueMac":{"type":"Buffer","data":"9f4eF7M2oEFcjTvP/zCFfVzTzzA5X07tJR4GTzcApc4="}},"1MNoRszJ5oAcJdIrN69yi41f00pxGHojK3GbgTMY+H4=":{"valueMac":{"type":"Buffer","data":"J2MdLmR2F953G6ENqwvteSQo5xoNq1HMriTfDCYbGks="}},"1cJ0ky+Uz3fjWGCNX1kW+mJkXJRgxo2v9gROsZwG9Mc=":{"valueMac":{"type":"Buffer","data":"Wpz1BvTUH9OzIOIFbVijzTiq7MR2jUzCpcZx+KbnxqE="}},"1ie2J9OAhfSaAas1lYXnhzDUZS4llge/bmFP4MFqx2Q=":{"valueMac":{"type":"Buffer","data":"YBXQFL397gxsOvbXvlmgyphqHYdSav5+M5qm7JdQut4="}},"1qRnhPd+qvPFDQH+7hK8XXqVEUOK9n//Bjjk0XVGKLs=":{"valueMac":{"type":"Buffer","data":"12StlTe4NfnqLyGqEYAcUG6RR5LMPucsupBsPmqd7K0="}},"2BipPUOjv3JsZ4uAG6c6l3JPHDR2H2i1NT7S4cwfm5M=":{"valueMac":{"type":"Buffer","data":"WWKgm0fKEWj0VY4eVHyxILiNIl7E9Uv8Ig79Ea+AvpE="}},"2CxqFr25xNibzIJJ0uYM7Qx4S86ZoW2bVqlcqClJNDs=":{"valueMac":{"type":"Buffer","data":"HtgPtQxyjHj4xAk7KVYkMYjCm3y3FsyqW+OHfVYxlvs="}},"2FemYMH8hCq9VezoQjlnvvFLib2CNLDnsK0q+FzUwIs=":{"valueMac":{"type":"Buffer","data":"WV8uMdjCbu4CARUf0paSgfd7DOs5SELX0sN1lx5G/W4="}},"2M7zgWPgEGOvg7enyl6GuzB243qxQQG5f3vSjIbZzCI=":{"valueMac":{"type":"Buffer","data":"Wjxr8IsGwFNKaeMYj1SvM8XXMk7d0HfuFNRFHwvz7Qs="}},"2ONMfW6IHALvHrc5GvNI7zKfVCX1AgYhzIK/G9w59y4=":{"valueMac":{"type":"Buffer","data":"wY4mqXwVFJ9LRs85PNtZBsgJv+cCLOT0tGOXW1c8o3M="}},"2StukNRlFIil9gSGgd4zhcoHlSvf9gG29xIzuBBwdgo=":{"valueMac":{"type":"Buffer","data":"wprPxXeWXv4xId5xLgOKsJE00FK5U6Y4+/DcpWJVXBQ="}},"2VQLGUVqIJgtIlhktjWIreIRKbMSdl2ior/gN4cuTFg=":{"valueMac":{"type":"Buffer","data":"tQVtvu1k7SBUmjJsddg6QSLILQbnJRaQqo3SwSeXNN4="}},"2YivHdpHQ+e6QUDeDzkaESt1nj5sTu5hWH650VxXkvY=":{"valueMac":{"type":"Buffer","data":"G2Wp3vTCpBie814Y3JgR2yXcXtkZidTcttyLsNXrryk="}},"2qvD2r5YjHZRrTHF/siq81xsHAAGH9p6E2BYTGY0psk=":{"valueMac":{"type":"Buffer","data":"oaAh4ICMpV/YBSCHrO/dW6S+7//9DeE/FADyVzR1IA8="}},"2sCKV3v6vc3F9hixnkLW4fy0Dr749E5+h/sLJqrPCmo=":{"valueMac":{"type":"Buffer","data":"Hrbm+hDuHzfJZj7X3xWqZ1gRdZKdmX2ky3H5IjJ8cY8="}},"2tP/LB2bEZrEXPFV8ykA5S0ghQH0ugQDbjcD0dDr5HE=":{"valueMac":{"type":"Buffer","data":"02jcJbKGOIe4LyP+o0G+HSEVtaJir6D2e8+YDzr6At4="}},"29e9/S+JG1ryzMJmfNMLYmXWty3TQKVROXhxL4QSYtQ=":{"valueMac":{"type":"Buffer","data":"nfnHZXjMGgdW+6TG2FnhcNrJjp+Tnx+k0YqGAGDLdbw="}},"2+X/28doCMBLVEiUS46eZpgCnW0JkPd8gDe+kRoXsmE=":{"valueMac":{"type":"Buffer","data":"GSxHurUdm5pqsg0BqPdgkIZ5eaGqrTtkqO80GavlNf8="}},"2/KW2iAMYPDIlu66cb80BhJqTCvUKsUBAv3GsEmCu+A=":{"valueMac":{"type":"Buffer","data":"5iKjmnc5rlWSfssoD5tddB3PiAkffv0xrrfkGWkigOg="}},"3P5cKWhHgCPIqaTDaaYa4KQ8kpn+8sUmx6BduXDCauM=":{"valueMac":{"type":"Buffer","data":"eyO0cTxAsEwuKXAa8JRDgWoE3oTQcy71wpu/aGmAMsM="}},"3QNoOw2IBPU3PxC1SQx/SD/RUvN6/WiwBS297E5CEZU=":{"valueMac":{"type":"Buffer","data":"m2pX76ZiMsOu7kdKcu+MZGTvTekqp3BIXuIXNlPOs1Q="}},"3T6zK+GGysz5Qpas+PyIDIXlhT61y3xbuqMXs6xz3ig=":{"valueMac":{"type":"Buffer","data":"cC+kPDUhhLtLpxAraWQCH3npOyz+EPe8U9xNReBjgTs="}},"3jbQpn8YDGlYpzJhX4FMjbgIjtCsaSRODCITvg2HnXg=":{"valueMac":{"type":"Buffer","data":"mNsxHPbq3wk5Bf0/+Zuw+H/ypbWwTvHi3F8THOloybs="}},"3nCf0bDqTLluHEYC7dnNq+ewunX9zCRP7AbUqyzrCx8=":{"valueMac":{"type":"Buffer","data":"w3I+iLS/brjg32jaLCjzy+zaCDHM/FHawOxOCJMIrTM="}},"3uKoO7Zmqusndt39O5IH+JbmqtMMeK+k3XUg4RksGVY=":{"valueMac":{"type":"Buffer","data":"Aai7L5F1Jmqq5KdVmpfxGzCannVUcrdu3rWCv5pmcCY="}},"3yNrFANTHI/x/za8SxApjEYMMN4bdlgut3/K6ItXUCk=":{"valueMac":{"type":"Buffer","data":"dNOKYrtxhOz5VTMlrSqhtDDcyP1XF/qQOfj+q/oQwno="}},"33IRBB/gaFs3m4G6Or4kTuLGiK3r3OVU5kCUuDNQciE=":{"valueMac":{"type":"Buffer","data":"S8Z9ZzWNfcSGXwNr4s5cMIOOTcvEeYnPBTlJDuS6Qbk="}},"4E4ltc+R5vMwNpM2VizVGCkmdElCkmF+HKPt9rEGsBU=":{"valueMac":{"type":"Buffer","data":"zX6P2/J50UvUKRBXAHN/S7ZkmYHqk4/Ks9evXkiFNVQ="}},"4f9CXaMWvCIMwKaJQg0BB9dxyIsCPY9lN0/UlOd9fCs=":{"valueMac":{"type":"Buffer","data":"RXK4BjaqgGen50j2/2RKxoaA+p/w0LfADTD5gGaMhBA="}},"4yIDliW+9wFAd1b9nBFIgd6d+OsEzOb+fkybypxt1nE=":{"valueMac":{"type":"Buffer","data":"Q5ZCGkDwwwxR3LBbQDwA827s4d+BjGovkosLi75A6Ac="}},"4ySVEbBI7KxwBTwIOowGgzMKZOzydJd5e2VuccfOJaM=":{"valueMac":{"type":"Buffer","data":"Cesuuh5zfmaZ752r+GBIcIunlPDEy6EcQErhXih7Tf0="}},"4y8kHDvmFaQ7hrNUpdc0/x6P4G7xDlUyEQt8ogb2kKg=":{"valueMac":{"type":"Buffer","data":"IJjOE96G6of0a/wS55uMuSUObKWev57nteofSqJ9jNk="}},"4zEeaGbO08Y9gbGLzWi/Sh405OPa5MTkjSZRgFA6xr0=":{"valueMac":{"type":"Buffer","data":"RfQOTjWXxvEVQP156IHGyQZZ1u1N1h8W8pgoVf8wiys="}},"48ymPIivTT6VtMFRnVt6LvRl1rdLCEV466s05omOZ/M=":{"valueMac":{"type":"Buffer","data":"zhZnaWJhdB49mJWx0NVguZv8qfbgAmbsYr27A93bqbQ="}},"49zmGoXagnlrtT6vGzHy6pkHBoJEkg/qmabMZ0GVOqY=":{"valueMac":{"type":"Buffer","data":"UmKohyg0H/ex9XVx5IwqyrnufI6Azq/EYAJ1eqYtYCw="}},"5BLb/Rst9F97buSQ96qgo8cObmLlVFqHfFdKCLyfyHw=":{"valueMac":{"type":"Buffer","data":"9t75+p9a20T/tw1CmN6ElJlSMHSuZB8i5c/9TOxDjk8="}},"5KVUUKFNtxnMDa6ZOxo/pReV0B47+IlW9bZAL2Fpb3Y=":{"valueMac":{"type":"Buffer","data":"zFsl1S9CExSk6cRcOQwEfcJQV6dmjFpF4TEG0+37p/4="}},"5qqmW6c73ml5BFScD5qFyM/WEF+WfP2w6/X3UgmFVSY=":{"valueMac":{"type":"Buffer","data":"JsZ0WE2d59rg6F8Cfbx8l8SQ1A3631WW6N5BfwVJwtw="}},"5wcbEMOm1jyjUplhsf6uVqFu/ZF3QnO5wTD8l7G8vwk=":{"valueMac":{"type":"Buffer","data":"JIv+3zzXh5XvoVucly2Ct/HHuMC+JbzklUhHs7oYc1E="}},"5yOV2HWuws1a24gQTOt0xDZuk73Cb8ps1Yi1drAVdvc=":{"valueMac":{"type":"Buffer","data":"juX/duTjRE3aI7twk4rwrRHLSo3+BO5FBK+0o8u1KgI="}},"6CFncGvk9FdwaS9PFi21YHb1OhU2jYk93U56x+7sA8E=":{"valueMac":{"type":"Buffer","data":"jBAnQtFbbr6qLDTZIJOKDxn3nPMeYi6b/wUYh7vl+5Q="}},"6PVZNiGpmKi3g2Hlb7cS18sXEC3nrpiAZrMtb0ECXxI=":{"valueMac":{"type":"Buffer","data":"pMd6amtSLI28Mqa2c72HPSUzY21lQQzyq4Wn2zM121A="}},"6QxmFvTqqZAKRneuhqx8dnpT5fM2wJA2RKfkQlV4Xas=":{"valueMac":{"type":"Buffer","data":"+4Cz3wLZJnn3Wi0S4ADG3sYyRbfLj/MgE3usJIEuh28="}},"6SONNfGADrCPogORwZdLEcsT1wk5IAHL9pELBnZqXMw=":{"valueMac":{"type":"Buffer","data":"slslhM85ilv24+lsapfnbUwqRUgK1B88YS5ZgYn0wnc="}},"6WbGqizaWEUkeZgPl11qEex1zdW3i1mwBat4xcQ57BY=":{"valueMac":{"type":"Buffer","data":"bRXpk3c01tRqdXdAg67+rjl+GWvqfSn+Bv+Ae+6wr38="}},"6aFci1HzbkaRIqa9cgiuvOFgwzbx9+vcSzdAEoltYpo=":{"valueMac":{"type":"Buffer","data":"W5Fk6uKZRFgT5VWcB/18iTDQ0IEeMLpEZ9Qaz/XDEe4="}},"6dnZTEvO4xXzEsfe4F7GXm2w0GSPJm11q2z90AzZ9lg=":{"valueMac":{"type":"Buffer","data":"bO5Mxwft0mHDdJwtUJRTnZ/1MX7Z4F8QKl5Nq8bLQXE="}},"6keHoit/8ZVLTtp2rz1ruDtneVjA6BPhkkQ/Ec9FR1w=":{"valueMac":{"type":"Buffer","data":"bILXeTjqemKDj2UrNlMElj60TDm9oedrJFsXwWv1jQ0="}},"6xU1eePkf79A7WozBh9yN/rQ53KaUrbv8qi2qoEjpO8=":{"valueMac":{"type":"Buffer","data":"U5VzPimJy1US5urZY5L0Bifbi9rQwVceWUofpxzBleU="}},"6y5Mg1w+rJxfk/yEXTp6JPBOi8PXOYe5GYdL1M4oHXY=":{"valueMac":{"type":"Buffer","data":"P6lRiaTfkFpf+USnkc96alSEL4hxv1byyFwRQZr4MPc="}},"65cv89f7I+rXhNYyfuEr4IouRPOZJJvDRJtWxLzwwUs=":{"valueMac":{"type":"Buffer","data":"wLqSGhIutKvPhD9chWkdoQWhy1Pun2QahhGzUz+XmKo="}},"7MZ6je7zHJtrg2OsFikqtlKmPEf9TU/lbjTfgVrt/gs=":{"valueMac":{"type":"Buffer","data":"zbKj5mXSs8/GDdOGyhIKcTvnSucDlG1MkMxbtZWLALI="}},"7U3HIya/6/rhKbKW8MrLydNUxkfGdh01gExBbjxO+6g=":{"valueMac":{"type":"Buffer","data":"ZkbF7daRKo4Pl/eiigeOdpQ6t0WcYSkhhFXckvBqOds="}},"7VBUd1LyOMHeN5ZXcBvzB7mqby0PhUpwcampXsfbWqE=":{"valueMac":{"type":"Buffer","data":"+Is61DrWdudRhewTuSz8tvMEA34+zkTGF66x10MNQHw="}},"7Vyb3OYQ8H7EmGw0nXfrsJ10mvnzxMR4GrW4380wUuY=":{"valueMac":{"type":"Buffer","data":"vO1rZq8Agsb5GSfEDxqEDlRBzwTsG2CpnoaZh+OMM+g="}},"7anWSqqdwfvJOrNTpab7cKEpCUjsWTNO4s8iuGOeZ9o=":{"valueMac":{"type":"Buffer","data":"pxOYUvdKsSfRmk8iMKCZm7LQSJ/ZFrqctrs+RcoKFYE="}},"7anxn9s6MWgDMVvaKjyp0/HUdTZ+3ngAny8veoPhtHg=":{"valueMac":{"type":"Buffer","data":"z8gTiPbqfSP55pj1OcOh+Wgnjq9+Y8MBqqMKqXuNl1E="}},"7b4Y96sBC6pImpxcipfSDGEwJpaMBi4Rhwpjpw3qp8o=":{"valueMac":{"type":"Buffer","data":"RW9rTDqW2MjIQB58TK6T0cEK1ybhTEFAykCYDGFdCDA="}},"7hcjHnZTLNReCUfCjbvoYal0pZlthK9GR8a8mGsMWB8=":{"valueMac":{"type":"Buffer","data":"Tns3GMGgC+PSEELoXstSo+GjkEVKvCfC2mj05VvgdKM="}},"7iU9uEBepaEX53WUDV1h/9ynE/1IndmofsTiZn4sqzA=":{"valueMac":{"type":"Buffer","data":"9n1Bv4uMMdpMS+gu99euxZtzaG5GqfLJnUuhF636uPo="}},"7lCe21vtGyDVdY28OSMIl5pjtNYtxSY9V8dNNp5vFjg=":{"valueMac":{"type":"Buffer","data":"Dxq7MhioEmc6ybxcrn+3dUUTerkRmYmeUTR8kBxNg80="}},"7xqOPSZqf2qfdT9DO6vwO7mhalO/ZWA1VXI+u030uLQ=":{"valueMac":{"type":"Buffer","data":"q+2W4UPzl6r38/jvjQ6S/Gsdqp61xqU6IjD56/0qJ+0="}},"77oKJzdZjDB2nhmDw29rM2rpkSxM/3Y8uDX5n3zi6hE=":{"valueMac":{"type":"Buffer","data":"ZmTp6+ROL9D5Ye+gwGEg37UkZ3S44kG6y0OzCS/PuTg="}},"79hcnNKUq9h60TgtWc3xRv7yQdyKa5MoeFIV39iGjEY=":{"valueMac":{"type":"Buffer","data":"xnzyH064ifZ1k+OR5lB4b9UpJQp2Ylx10v2zWwKxMGc="}},"8GnL0OblZD0VM2HzG0LoOtFuYE5bwv7briSGqaYw9Oc=":{"valueMac":{"type":"Buffer","data":"yXSm8Gzvo4o/cBfS7VdlPrm8e8LnyuiDUJlTxvlnwYk="}},"8T44o2IO76uDbTuYwB6qKPi3aRsrdufUzPyyOyjgRNM=":{"valueMac":{"type":"Buffer","data":"0iTyfrTcM6Hc6BicU9qWwdVm16+Iuw+71U5b/WxNAto="}},"8YI5BGsqDa4r7+GEHXqk0U16bQmDogfU2o8ujTVU2G4=":{"valueMac":{"type":"Buffer","data":"2x8wTSHTMz8kSJVI7wSa77H6ZjK+BZ1x7VG2iCEjjHg="}},"8mLmH6BHDduudsm0y3QmjSUmmWm6M8RZNwFeCL8gzRI=":{"valueMac":{"type":"Buffer","data":"avqCdTAfQymNesUPwiL8JUN+LuV8ucZY7/bs3epJT5w="}},"8wfDuwfuIPdPyVZ1IKYNwcdrVxqmYzL2WGtSYTD7F34=":{"valueMac":{"type":"Buffer","data":"jneuVDRW5vEWpulrN3n+V0um+OcUrNSq/kwiupSC6Ac="}},"80Q5w0/t5p/f4u9qvZzXvd3s6Z/gMbVuh8kIIocQCms=":{"valueMac":{"type":"Buffer","data":"+QFeWiZ2ijermlnvQLaJCJ4BsMYcWHF5YVKB4CyE3W8="}},"859Jl6TvBFPBO6z3L0Q9lBZm8VGg/f1zn0UQKeQvReI=":{"valueMac":{"type":"Buffer","data":"77w/SIPOdZVhkOGK0uXEJrJtlWHDZElKdS2Shi5v8iE="}},"9Hp2KprToT3UsZ8WdgkqBbcgQiKHEQhvajyU1+nfSbs=":{"valueMac":{"type":"Buffer","data":"zpnXvRVf6/2XY3MJhbDJsHRNzCABmuL8DBQKlKYgGkI="}},"9MkvINsITuU/UQwlLHkmH2+yBr/Y9128FWiSZH/msuM=":{"valueMac":{"type":"Buffer","data":"CYjt9WDIno82KSIicu4yoOgHAEIYh/Wm7W4kjoK5M/0="}},"91zsXu5aWIa6moF3uGvFTOQmi5h/koVaZgBqLwGIDJo=":{"valueMac":{"type":"Buffer","data":"25eycpG9/nLdXpKjpp8iNsq4vZJtFwGbhdnsMNKVxoo="}},"98GcdcxueH9kXOzHA8mVUVTEkT0faWc82Xj1btUHHcs=":{"valueMac":{"type":"Buffer","data":"POHwsXydgK3AEvTDFJBI+pTyE/+tjqVI69rE3VM9eio="}},"+IaBtn/aURptZM/IFbIOyGAq0TbDeiKw6Cg6n54hcKw=":{"valueMac":{"type":"Buffer","data":"lBAjXQSkEJhUGZkkRR0nk9DVdMRxfh6SJAL/OsFjrbQ="}},"+PLHcnAw650A1cF4wAv6p6fTa//8fuyJJYCTaro7j+0=":{"valueMac":{"type":"Buffer","data":"uXIotaZxNw0gDFR6n7GI5AkLhYBU0QuNeRfHCcoWSgg="}},"+iZJTji13WdqoenRPqrntMyzFeV7Y2C7F1G1rFm0sAA=":{"valueMac":{"type":"Buffer","data":"agYVO6rE82IZFgvLZ53rO76/NMi5kJN3jLcLmtrHsi4="}},"+rtTeKLm7j5EAqZF7IUbWtiGUoLlqp0lDQ30p39NmtQ=":{"valueMac":{"type":"Buffer","data":"Xfsps+rJipLx89v3JxZeKknXt14Fv5q/ZU6VeqNmj3k="}},"+2dIqyrJeSz9MupSrS6n22TDd5cHzoGBg7VgZ+1cOsQ=":{"valueMac":{"type":"Buffer","data":"k5/yW8VfJdRAb+x1XWYxRs2XwTx0rW7BE8RkblPKPc0="}},"+/5kqlY4XfdhsqCvbApCnzut/k0YR5J3oUJHLCFSigc=":{"valueMac":{"type":"Buffer","data":"Rs5H9qunBY3V+FNqZSB5wnHVzbWA2zRnmiPt4DM2kfg="}},"/En7MO0uQQK8iW17eQC+TslWo+cxReMPUKUMK+P6IDI=":{"valueMac":{"type":"Buffer","data":"Abm2fG3P1I7cQ3MovQTTyLBovKn9792OOeYcH9UGtoU="}},"/X2QaKeBwc+Irq+U+e5FFazWdCLvfn4/hw1RcpBQYYQ=":{"valueMac":{"type":"Buffer","data":"3jsY07dzy9+kcxA1ARF16oJ7HCLcKH7uA6uMP7W1yA0="}},"/if7ktojaDy7jnKawrjooyj1y8Pl86/mkeziJkTbWOo=":{"valueMac":{"type":"Buffer","data":"Hh6zCKdc2VKjvBe97OL1y6jFV1PygilTCvbfj9FqMMA="}},"/vXh43cK8Z0Oi2xQ2ahLwzFXHPN9GxJHyULEXCGRogw=":{"valueMac":{"type":"Buffer","data":"Ue5dMxWaiiupoH/Bj8VkuPL2FD1kt5vQS1mmBYO6iBE="}},"/6ZGnSCYogNRFPzfElqzMXnhBJJT1+2zh/5BH5Yo7MM=":{"valueMac":{"type":"Buffer","data":"iSkNwUcz8/qsi0ivNsxnN873aw0aBWgygnVjXLb5l/I="}},"ZAYzzrwVAvC9YtDlverygZrmCSaw+0ESn3GntG2K8Kc=":{"valueMac":{"type":"Buffer","data":"+CN0nypPivxOyvD7fgyanXW/ik409JyCltjPr5SzBzY="}},"M4+IjXJMIKSBLGUd4HRezojBOoKMGW0f4smYAdOXGfA=":{"valueMac":{"type":"Buffer","data":"XwmrqqknUngn2zy9W9lpmkvujYILoQakZSAdQRO5GvY="}},"dt8Xhm632+I/HU/KFeOVURzv82do0BWPv3M09ZVcvu8=":{"valueMac":{"type":"Buffer","data":"RtMCh1JxoebpqoMrxAPW74tvHPGMSatyd+AYbNZlQ5k="}},"okP091Z0ajmIgOa4OU0KkxvHA+I9f8t1BghPhBGtIh4=":{"valueMac":{"type":"Buffer","data":"4zwRy1Z6FVZ8+UyZTMUQDWESr+uFOFahiGwYx3Mh368="}},"9t0Crz8+U+hYhYrxSACYd+74AAkfxAG5FXI2zVgHG6U=":{"valueMac":{"type":"Buffer","data":"9kHbWOmfQoKkENo5NbcBOAVjeL17SC1YMi+c1U8Hqr0="}},"tsQ9GhtPJXB+cpGHAIDXC4jclOAKRRuRTLy70ZehuuI=":{"valueMac":{"type":"Buffer","data":"BAXf+oUTdwvH21yZyHODxMIi4Lz3KsHNqmMouRQ0iDc="}},"Z+q21hRFSkhIi3w40b5+E44R6SUTFPhQ9woBHPkcOGM=":{"valueMac":{"type":"Buffer","data":"l5bV4zyXi9wHcTcZuw3rHMgIShvieDgoAu/VtopR4So="}},"rAMjNfEohtU+DMVDqznp1fRKS2aARctEjCgOv50htPE=":{"valueMac":{"type":"Buffer","data":"yW8Yq+H9ux2ob+bQQ/GNiBoS+KyR9xSgg4/EFenDBIY="}},"Eci5Wfv5CBr1o/mW8D3CK1ljwD1u/jHeDm6Wa4stTXw=":{"valueMac":{"type":"Buffer","data":"GdND2DOSBq2t8AeIMVHO7AqmR9Bc4xab4nm59O5Ss44="}},"ocV2vVOQSDaHDkE1KERulo5LgnlK6qXG/LQ5AqscJNA=":{"valueMac":{"type":"Buffer","data":"MSd/8I91WnIbw7xJ3aLBDwQSO+676bZfY5aZHcUtSys="}},"AJ+We3b0Hrg1l7EXALNfgvQt4fSQlvykSZq/Q46lMSc=":{"valueMac":{"type":"Buffer","data":"FFdw2KxNZnUw6asK+Dgw8rkx8mK1ByA59MuOE8zSIDY="}},"+D/gT4A6cLq2FOBvu0WwLnUJzuIcbduO1UtqpYJamaA=":{"valueMac":{"type":"Buffer","data":"11SozS3dtWXz4xzN3fNHluSQFKG+sfkMB51BJI9zdT8="}},"VTEItp46i96rQwGlcNHfENAKD4dwLwZhyxPUm/H8tig=":{"valueMac":{"type":"Buffer","data":"h3ixC1hjsPGfELypzd/rTrqDRfPcqINKK5FS8kF87o8="}}}}