{"noiseKey":{"private":{"type":"Buffer","data":"gHto7m+c1nyHyBziyFDzSbOi21KauoHkf6PzmNk2AXg="},"public":{"type":"Buffer","data":"JaeW2MoPlwCuEtdHvTeXN0t+gY2sSwQ0cUpZmPd6ZH4="}},"pairingEphemeralKeyPair":{"private":{"type":"Buffer","data":"mOuYT26tP2rR8uvvUMKodyKwldFEWQx9sK1ytUc+g24="},"public":{"type":"Buffer","data":"HahPOb0SbdcGgx6/a8xhR4aeHc2LU04nKEE6tmedECE="}},"signedIdentityKey":{"private":{"type":"Buffer","data":"UCIbZGGYD7AgUmuVgmWwgznVcrzKNF+eB1xKWDJ8Eno="},"public":{"type":"Buffer","data":"vFI3rz7roI11XWxE2bB6I0d4lZJP/NaKfliLaFY/inA="}},"signedPreKey":{"keyPair":{"private":{"type":"Buffer","data":"CAjG7k74aIBQ8KMhq6tZyUrfDtrJbhh4ykZsTs+ts0U="},"public":{"type":"Buffer","data":"MvvqsTWaP8V2whDIQAM3IkF8YkOM38AxlswaB1R3ikw="}},"signature":{"type":"Buffer","data":"+iYH1ZDmtife9qX1Ru/dhoYR26EkhY78N46GO1XrgX6jeGG0tRmIJTW3Em3fJkZj7bobfXE+fHphrFgBl/iGCw=="},"keyId":1},"registrationId":92,"advSecretKey":"CZKNIrinOA8chZwnbOOEWGE/dXD/YaMqN9LL5nnJK9w=","processedHistoryMessages":[{"key":{"remoteJid":"254796183839@s.whatsapp.net","fromMe":true,"id":"15B5E02661B0DACFB3596621593C9AB0"},"messageTimestamp":1741128751},{"key":{"remoteJid":"254796183839@s.whatsapp.net","fromMe":true,"id":"C69186AABAA134DBBC14CF9D832CE83A"},"messageTimestamp":1741128751}],"nextPreKeyId":31,"firstUnuploadedPreKeyId":31,"accountSyncCounter":1,"accountSettings":{"unarchiveChats":false},"deviceId":"seAd6RddSpedQORaoNy82g","phoneId":"b8e9bb3c-681c-4e41-9856-a9bd74ea8de2","identityId":{"type":"Buffer","data":"kniK0nnshzukWb+cyRhq3GpK21A="},"registered":true,"backupToken":{"type":"Buffer","data":"YXgqo32okwK1iJiVT7ZvJ0oc/e0="},"registration":{},"pairingCode":"MC2VXM4G","me":{"id":"254796183839:11@s.whatsapp.net","lid":"6112107618310:11@lid","name":"Bonie"},"account":{"details":"CO60k9cBEKaInr4GGAMgACgA","accountSignatureKey":"yFwLeeRLyVxkePUjwgP2O1kArmgIy5ixC0hAHmQhey8=","accountSignature":"PBOg/d52cSKowH93AeDBKg8HTTMaocQsf6looExHebhJrcQZnicgihJb5SQyNaeMouHoU3Z5E4xKWj1ne2l+AA==","deviceSignature":"zIRZIN+WE9z1a/Bt/xC6NkC2crcrc8n9MEZxUXrlUKGbMCdVrZlP1+tyMidhOoqWwx6UPWkjOLEB32KxLMReCQ=="},"signalIdentities":[{"identifier":{"name":"254796183839:11@s.whatsapp.net","deviceId":0},"identifierKey":{"type":"Buffer","data":"BchcC3nkS8lcZHj1I8ID9jtZAK5oCMuYsQtIQB5kIXsv"}}],"platform":"android","lastAccountSyncTimestamp":1741128746,"myAppStateKeyId":"AAAAAL4O"}