{"_sessions":{"BYD4ZWjcpBMAwAnVlCq5yPbPhU+TZsczikQ2CPfWxK94":{"registrationId":107,"currentRatchet":{"ephemeralKeyPair":{"pubKey":"Be5uoc3LpREiJtALQk6Q1e7ypLyjzHanqlQCzLqVsNBh","privKey":"mCAneWUuvOGDzkgG9pH2aUiIYXZXKgNz5sLgobxPBGQ="},"lastRemoteEphemeralKey":"BYV/m7RDTVX6lC4I00cwDMcIKy6FJE99wNM//F3CHXoL","previousCounter":0,"rootKey":"Z8TAHPITdd6ZF62ApmyXDI/95GcDFcYj+moA2O3xhC4="},"indexInfo":{"baseKey":"BYD4ZWjcpBMAwAnVlCq5yPbPhU+TZsczikQ2CPfWxK94","baseKeyType":1,"closed":-1,"used":1741128757489,"created":1741128757489,"remoteIdentityKey":"BezivE8Ft1+M/kXWy1cTRQtYlFaqQRwYC7lFa3Z79Lld"},"_chains":{"Be5uoc3LpREiJtALQk6Q1e7ypLyjzHanqlQCzLqVsNBh":{"chainKey":{"counter":2,"key":"u13xJQvPqpEflgpOWWXk+z0fJuNtBaTlYkYacwsweqE="},"chainType":1,"messageKeys":{}}},"pendingPreKey":{"signedKeyId":1,"baseKey":"BYD4ZWjcpBMAwAnVlCq5yPbPhU+TZsczikQ2CPfWxK94","preKeyId":28}}},"version":"v1"}