{"_sessions":{"BRFNk5pH3eg+DeeUhV0HWykF2unijnLEoisDnpQJwRNA":{"registrationId":572858124,"currentRatchet":{"ephemeralKeyPair":{"pubKey":"BZdDe9rlWJI7f5/haZC8TEPmFJzno7ch1/EHr8kazsw6","privKey":"0J/kU1aNqX781LnEIbDmmE/DVHZ2G0uywjHriNPJWUQ="},"lastRemoteEphemeralKey":"BepAJqW3KFfFR1MBc79vFRTKcadvE5NW7+gQAt+Vf+8j","previousCounter":0,"rootKey":"WyAfYB/StTVCBjiVXfTFLiY925edFEWBLE/dOHV3uOI="},"indexInfo":{"baseKey":"BRFNk5pH3eg+DeeUhV0HWykF2unijnLEoisDnpQJwRNA","baseKeyType":2,"closed":-1,"used":1741128748280,"created":1741128748280,"remoteIdentityKey":"BchcC3nkS8lcZHj1I8ID9jtZAK5oCMuYsQtIQB5kIXsv"},"_chains":{"BepAJqW3KFfFR1MBc79vFRTKcadvE5NW7+gQAt+Vf+8j":{"chainKey":{"counter":5,"key":"LKVbgmXlaY/TTDTtEhU/cTWWeDEsEC00dfO55xHzJ2c="},"chainType":2,"messageKeys":{}},"BZdDe9rlWJI7f5/haZC8TEPmFJzno7ch1/EHr8kazsw6":{"chainKey":{"counter":5,"key":"UGwW0QJvEYg2TaFmFn450+mBd6TJA1ku1PctyPeUnEw="},"chainType":1,"messageKeys":{}}}}},"version":"v1"}