{"_sessions":{"BXZkO/vPL2OOgTDeJA6tCj5K3nsP7bezpSkAPh1JH+hz":{"registrationId":1298063031,"currentRatchet":{"ephemeralKeyPair":{"pubKey":"BQ3C1a9VXVK9xaZtUCzDPt0XVrAqhELlKwRSwz63P98Q","privKey":"wMkYZHikmC12IXp629SmCv/Rr3TkqLHeR3Wy1xB7DW0="},"lastRemoteEphemeralKey":"BRpVEVmxFhqjRNLpidJX4yzsJ1+qbXWNrasd5ZbGMhwP","previousCounter":0,"rootKey":"j/+0vCpkBE1/L4MEOUMoGvjDPjjF+WcP+ExllmGbHk4="},"indexInfo":{"baseKey":"BXZkO/vPL2OOgTDeJA6tCj5K3nsP7bezpSkAPh1JH+hz","baseKeyType":1,"closed":-1,"used":1741128757480,"created":1741128757480,"remoteIdentityKey":"BTZZr+4vRUg7hFR6fx4tF54NxejSxwUGTsyrlDn9ebMn"},"_chains":{"BQ3C1a9VXVK9xaZtUCzDPt0XVrAqhELlKwRSwz63P98Q":{"chainKey":{"counter":2,"key":"HQ0QjSh7UIT8iqqeNUEoaMao1HtsiBANhycEMEwiIVs="},"chainType":1,"messageKeys":{}}},"pendingPreKey":{"signedKeyId":20,"baseKey":"BXZkO/vPL2OOgTDeJA6tCj5K3nsP7bezpSkAPh1JH+hz","preKeyId":6701}}},"version":"v1"}